molecule_chembl_id,canonical_smiles,standard_value,class
CHEMBL160849,CC(=O)N[C@@H](Cc1ccc(CP(=O)(O)O)cc1)C(=O)N[C@@H](CC(C)C)C(=O)N1CCC[C@@H]1C(=O)N[C@@H](CCC(N)=O)C(=O)N[C@H](C(=O)N[C@H](C(N)=O)C(C)C)[C@@H](C)O,8000.0,active
CHEMBL158446,CC(=O)N[C@@H](Cc1ccc(-c2nn[nH]n2)cc1)C(=O)N[C@@H](CC(C)C)C(=O)N1CCC[C@@H]1C(=O)N[C@@H](CCC(N)=O)C(=O)N[C@H](C(=O)N[C@H](C(N)=O)C(C)C)[C@@H](C)O,6000.0,active
CHEMBL160733,CSCC[C@H](NC(=O)[C@H](CCC(N)=O)NC(=O)[C@H]1CCCN1C(=O)[C@H](CCCCN)NC(=O)[C@H](Cc1ccc(OP(=O)(O)O)cc1)NC(C)=O)C(=O)N[C@@H](Cc1c[nH]cn1)C(N)=O,400.0,active
CHEMBL156407,CC(=O)N[C@H](Cc1ccc(OP(=O)(O)O)cc1)C(=O)N[C@H](CC(C)C)C(=O)N1CCC[C@H]1C(=O)N[C@@H](CCC(N)=O)C(=O)N[C@@H](C)C(=O)N[C@H](C(N)=O)C(C)C,800.0,active
CHEMBL157314,CC(=O)N[C@H](Cc1ccc(OP(=O)(O)O)cc1)C(=O)N[C@H](CC(C)C)C(=O)N1CCC[C@H]1C(=O)N[C@@H](CCC(=O)O)C(=O)N[C@H](C(=O)N[C@H](C(N)=O)C(C)C)[C@@H](C)O,6000.0,active
CHEMBL346370,CC(=O)N[C@@H](Cc1ccc(OP(=O)(O)O)cc1)C(=O)N[C@@H](C)C(=O)N1CCC[C@@H]1C(=O)N[C@@H](CCC(N)=O)C(=O)N[C@H](C(=O)N[C@H](C(N)=O)C(C)C)[C@@H](C)O,1600.0,active
CHEMBL347438,CC(=O)N[C@@H](Cc1ccc(O)cc1)C(=O)N[C@@H](CC(C)C)C(=O)N1CCC[C@@H]1C(=O)N[C@@H](CCC(N)=O)C(=O)N[C@H](C(=O)N[C@H](C(N)=O)C(C)C)[C@@H](C)O,6000.0,active
CHEMBL405322,CC(=O)N[C@@H](Cc1ccc(C(=O)O)cc1)C(=O)N[C@@H](CC(C)C)C(=O)N1CCC[C@@H]1C(=O)N[C@@H](CCC(N)=O)C(=O)N[C@H](C(=O)N[C@H](C(N)=O)C(C)C)[C@@H](C)O,6000.0,active
CHEMBL348181,CC(=O)N[C@@H](Cc1ccc(OP(=O)(O)O)cc1)C(=O)N[C@@H](CCC(N)=O)C(=O)N[C@@H](CCCCN)C(=O)N[C@@H](CCC(N)=O)C(=O)N[C@H](C(=O)N[C@@H](CCCN=C(N)N)C(N)=O)[C@@H](C)O,8000.0,active
CHEMBL423775,CC(=O)N[C@@H](Cc1ccc(OP(=O)(O)O)cc1)C(=O)N[C@@H](Cc1ccccc1)C(=O)N[C@@H](CCCCN)C(=O)N[C@@H](CCC(N)=O)C(=O)N[C@@H](CC(N)=O)C(=O)N[C@@H](CS)C(N)=O,60000.0,inactive
CHEMBL348612,CC(=O)N[C@@H](Cc1ccc(OP(=O)(O)O)cc1)C(=O)N[C@@H](CC(C)C)C(=O)N[C@@H](CCCN=C(N)N)C(=O)N[C@H](CS)C(=O)N[C@H](CN[C@@H](CO)C(N)=O)CC(=O)O,80000.0,inactive
CHEMBL160353,CC(=O)N[C@@H](Cc1ccc(OP(=O)(O)O)cc1)C(=O)N[C@@H](CC(C)C)C(=O)N1CCC[C@H]1C(=O)N[C@H](CCC(N)=O)C(=O)N[C@@H](C(N)=O)[C@H](C)O,600.0,active
CHEMBL156465,CC(=O)N[C@H](Cc1ccc(OP(=O)(O)O)cc1)C(=O)N[C@H](CC(C)C)C(=O)N1CCC[C@H]1C(=O)N[C@@H](C)C(=O)N[C@H](C(=O)N[C@H](C(N)=O)C(C)C)[C@@H](C)O,6000.0,active
CHEMBL348880,CC(=O)N[C@@H](Cc1ccc(OP(=O)(O)O)cc1)C(=O)N[C@@H](CC(C)C)C(=O)N1CCC[C@@H]1C(N)=O,6000.0,active
CHEMBL160658,CC(=O)N[C@@H](Cc1ccc(OP(=O)(O)O)cc1)C(=O)N[C@@H](CC(C)C)C(=O)N1CCC[C@H]1C(=O)N[C@H](CCC(N)=O)C(N)=O,1000.0,active
CHEMBL156168,CC[C@H](C)[C@H](NC(=O)[C@H](Cc1ccc(OP(=O)(O)O)cc1)NC(C)=O)C(=O)N[C@@H](CC(N)=O)C(=O)N[C@@H](CCC(N)=O)C(=O)N[C@@H](CO)C(=O)N[C@H](C(N)=O)C(C)C,30000.0,inactive
CHEMBL433511,CC(=O)N[C@H](Cc1ccc(OP(=O)(O)O)cc1)C(=O)N[C@H](CC(C)C)C(=O)N1CCC[C@H]1C(=O)N[C@@H](CC(N)=O)C(=O)N[C@H](C(=O)N[C@H](C(N)=O)C(C)C)[C@@H](C)O,2000.0,active
CHEMBL346706,CC(=O)N[C@@H](Cc1ccc(OP(=O)(O)O)cc1)C(=O)N[C@@H](CO)C(=O)N[C@@H](CC(=O)O)C(=O)NCC(=O)N[C@@H](CC(N)=O)C(=O)N[C@@H](Cc1ccccc1)C(N)=O,150000.0,inactive
CHEMBL502473,CC(=O)N[C@@H](Cc1ccc(OP(=O)(O)O)cc1)C(=O)N[C@@H](CC(C)C)C(=O)N1CCC[C@H]1C(=O)N[C@@H](CCC(N)=O)C(=O)N[C@H](C(=O)N[C@H](C(N)=O)C(C)C)[C@H](C)O,150.0,active
CHEMBL156046,CC(=O)N[C@@H](Cc1ccc(OP(=O)(O)O)cc1)C(=O)N[C@@H](CC(C)C)C(=O)NC(C)C(=O)N[C@@H](CCC(N)=O)C(=O)N[C@H](C(=O)N[C@H](C(N)=O)C(C)C)[C@@H](C)O,4000.0,active
CHEMBL2371210,CC(=O)N[C@@H](Cc1ccc(OP(=O)(O)O)cc1)C(=O)N[C@@H](CO)C(=O)N[C@H](C(=O)N[C@H](C(=O)N[C@H](C(=O)N[C@@H](Cc1c[nH]cn1)C(N)=O)C(C)C)C(C)C)[C@@H](C)O,150000.0,inactive
CHEMBL160730,CC(=O)N[C@@H](Cc1ccc(OP(=O)(O)O)cc1)C(=O)N[C@@H](CCC(N)=O)C(=O)N1CCC[C@@H]1C(=O)N[C@@H](CCC(N)=O)C(=O)N[C@@H](C)C(=O)N[C@@H](CCCCN)C(N)=O,6000.0,active
CHEMBL348182,CC(=O)N[C@@H](Cc1ccc(OP(=O)(O)O)cc1)C(=O)N[C@@H](Cc1c[nH]cn1)C(=O)N[C@@H](CC(N)=O)C(=O)N[C@@H](CCC(N)=O)C(=O)N1CCC[C@@H]1C(=O)N[C@@H](CC(C)C)C(N)=O,150000.0,inactive
CHEMBL345419,CSCC[C@H](NC(=O)[C@H](C)NC(=O)[C@H](CCC(N)=O)NC(=O)[C@@H]1CCCN1C(=O)[C@@H](CCCN=C(N)N)NC(=O)[C@@H](Cc1ccc(OP(=O)(O)O)cc1)NC(C)=O)C(N)=O,1000.0,active
CHEMBL2371211,CC(=O)N[C@@H](Cc1ccc(OP(=O)(O)O)cc1)C(=O)N[C@@H](CC(C)C)C(=O)N[C@@H](CCCCN)C(=O)N[C@H](C(=O)N[C@@H](CCCCN)C(=O)N[C@@H](Cc1ccccc1)C(N)=O)[C@@H](C)O,20000.0,inactive
CHEMBL436427,CC(=O)N[C@@H](Cc1ccc(OP(=O)(O)O)cc1)C(=O)N[C@@H](CC(C)C)C(=O)N[C@@H](CCCCN)C(=O)N[C@@H](CCC(N)=O)C(=O)N[C@@H](CCC(=O)O)C(=O)N[C@@H](CO)C(N)=O,6000.0,active
CHEMBL156448,CC(=O)N[C@@H](Cc1ccc(OP(=O)(O)O)cc1)C(=O)N[C@H](C(=O)N[C@@H](CC(C)C)C(=O)N[C@@H](CCC(N)=O)C(=O)NCC(=O)N[C@@H](CC(=O)O)C(N)=O)C(C)C,8000.0,active
CHEMBL157727,CC(=O)N[C@@H](Cc1ccc(OP(=O)(O)O)cc1)C(=O)N[C@@H](CC(C)C)C(=O)N1CCC[C@@H]1C(=O)N[C@H](CCC(N)=O)C(=O)N[C@@H](C(=O)N[C@H](C)C(=O)O)[C@@H](C)O,400.0,active
CHEMBL351757,CSCC[C@H](NC(=O)[C@H](Cc1ccc(OP(=O)(O)O)cc1)NC(C)=O)C(=O)N1CCC[C@@H]1C(=O)N[C@@H](CCC(N)=O)C(N)=O,1500.0,active
CHEMBL2373425,CC(=O)N[C@@H](Cc1ccc(OP(=O)(O)O)cc1)C(=O)N[C@@H](CCCN=C(N)N)C(=O)N[C@@H](Cc1c[nH]cn1)C(=O)N[C@@H](CCC(N)=O)C(=O)N[C@H](C(=O)N1CCC[C@H]1C(N)=O)C(C)C,6000.0,active
CHEMBL197658,CC(=O)N[C@@H](Cc1ccc(OP(=O)(O)O)cc1)C(=O)N[C@H](C(=O)N1CCC[C@H]1C(=O)N[C@@H](CCC(N)=O)C(=O)N[C@H](C(N)=O)[C@@H](C)O)C(c1ccccc1)c1ccccc1,100000.0,inactive
CHEMBL194427,CC(=O)N[C@@H](Cc1ccc(OP(=O)(O)O)cc1)C(=O)N(C)[C@@H](CC(C)C)C(=O)N1CCC[C@H]1C(=O)N[C@@H](CCC(N)=O)C(=O)N[C@H](C(N)=O)[C@@H](C)O,100000.0,inactive
CHEMBL370649,CC(=O)N[C@@H](Cc1ccc(OP(=O)(O)O)cc1)C(=O)N[C@@H](CC(C)C)C(=O)N1CCC[C@@H]1C(=O)N[C@@H](CCC(N)=O)C(=O)N[C@H](C(N)=O)[C@@H](C)O,100000.0,inactive
CHEMBL372118,CC(=O)N[C@@H](Cc1ccc(OP(=O)(O)O)cc1)C(=O)N[C@@H](CC(C)C)C(=O)N1CCC[C@@]1(C)C(=O)N[C@@H](CCC(N)=O)C(=O)N[C@H](C(N)=O)[C@@H](C)O,1870.0,active
CHEMBL372429,CC(=O)N[C@@H](Cc1ccc(OP(=O)(O)O)cc1)C(=O)N[C@@H](CC(C)C)C(=O)N1C[C@H](O)C[C@H]1C(=O)N[C@@H](CCC(N)=O)C(=O)N[C@H](C(N)=O)[C@@H](C)O,484.0,active
CHEMBL436319,CC(=O)N[C@@H](Cc1ccc(OP(=O)(O)O)cc1)C(=O)N[C@@H](CC(C)C)C(=O)N1C[C@H]2C[C@H]2[C@H]1C(=O)N[C@@H](CCC(N)=O)C(=O)N[C@H](C(N)=O)[C@@H](C)O,265.0,active
CHEMBL372758,CC(=O)N[C@@H](Cc1ccc(OP(=O)(O)O)cc1)C(=O)N[C@@H](CC(C)C)C(=O)N1CC[C@H]1C(=O)N[C@@H](CCC(N)=O)C(=O)N[C@H](C(N)=O)[C@@H](C)O,1660.0,active
CHEMBL371705,CC(=O)N[C@@H](Cc1ccc(OP(=O)(O)O)cc1)C(=O)N[C@@H](CC(C)C)C(=O)N1CCCC[C@H]1C(=O)N[C@@H](CCC(N)=O)C(=O)N[C@H](C(N)=O)[C@@H](C)O,1240.0,active
CHEMBL425747,CC(=O)N[C@@H](Cc1ccc(OP(=O)(O)O)cc1)C(=O)N[C@@H](CC(C)C)C(=O)N1CCCC(C(=O)N[C@@H](CCC(N)=O)C(=O)N[C@H](C(N)=O)[C@@H](C)O)C1,38600.0,inactive
CHEMBL371056,CC(=O)N[C@@H](Cc1ccc(OP(=O)(O)O)cc1)C(=O)N[C@@H](CC(C)C)C(=O)N1CCC(C(=O)N[C@@H](CCC(N)=O)C(=O)N[C@H](C(N)=O)[C@@H](C)O)CC1,34600.0,inactive
CHEMBL197719,CC(=O)N[C@@H](Cc1ccc(OP(=O)(O)O)cc1)C(=O)N[C@@H](CC(C)C)C(=O)N1CCN(CC(=O)N[C@@H](CCC(N)=O)C(=O)N[C@H](C(N)=O)[C@@H](C)O)CC1,57100.0,inactive
CHEMBL370547,CC(=O)N[C@@H](Cc1ccc(OP(=O)(O)O)cc1)C(=O)N[C@@H](CC(C)C)C(=O)NC1(C(=O)N[C@@H](CCC(N)=O)C(=O)N[C@H](C(N)=O)[C@@H](C)O)CCCCC1,13400.0,inactive
CHEMBL436504,CNC(=O)CC[C@H](NC(=O)[C@@H]1CCCN1C(=O)[C@H](CC(C)C)NC(=O)[C@H](Cc1ccc(OP(=O)(O)O)cc1)NC(C)=O)C(=O)N[C@H](C(N)=O)[C@@H](C)O,18100.0,inactive
CHEMBL194453,CC(=O)N[C@@H](Cc1ccc(OP(=O)(O)O)cc1)C(=O)N[C@@H](CC(C)C)C(=O)N1CCC[C@H]1C(=O)N[C@@H](CCC(=O)N(C)C)C(=O)N[C@H](C(N)=O)[C@@H](C)O,80000.0,inactive
CHEMBL371452,CC(=O)N[C@@H](Cc1ccc(OP(=O)(O)O)cc1)C(=O)N[C@@H](CC(C)C)C(=O)N1CCC[C@H]1C(=O)N[C@@H](CC[S+](C)[O-])C(=O)N[C@H](C(N)=O)[C@@H](C)O,9870.0,active
CHEMBL196122,CC(=O)N[C@@H](Cc1ccc(OP(=O)(O)O)cc1)C(=O)N[C@@H](CC(C)C)C(=O)N1CCC[C@H]1C(=O)N[C@@H](CCS(C)(=O)=O)C(=O)N[C@H](C(N)=O)[C@@H](C)O,13900.0,inactive
CHEMBL196561,CC(=O)N[C@@H](Cc1ccc(OP(=O)(O)O)cc1)C(=O)N[C@@H](CC(C)C)C(=O)N1CCC[C@H]1C(=O)NCCCC(N)=O,1780.0,active
CHEMBL365749,CC(=O)N[C@@H](Cc1ccc(OP(=O)(O)O)cc1)C(=O)N[C@@H](CC(C)C)C(=O)N1CCC[C@H]1C(=O)NCCCCCC(N)=O,9780.0,active
CHEMBL373136,CC(=O)N[C@@H](Cc1ccc(OP(=O)(O)O)cc1)C(=O)N[C@@H](CC(C)C)C(=O)N1CCC[C@H]1C(=O)Nc1cccc(C(N)=O)c1,36600.0,inactive
CHEMBL194446,CC(=O)N[C@@H](Cc1ccc(OP(=O)(O)O)cc1)C(=O)N[C@@H](CC(C)C)C(=O)N1CCC[C@H]1C(=O)NC1CCCC(C(N)=O)C1,9810.0,active
CHEMBL373124,CC(=O)N[C@@H](Cc1ccc(OP(=O)(O)O)cc1)C(=O)N[C@@H](CC(C)C)C(=O)N1CCC[C@H]1C(=O)N1CCC(C(N)=O)CC1,3020.0,active
CHEMBL366244,CC(=O)N[C@@H](Cc1ccc(OP(=O)(O)O)cc1)C(=O)N[C@@H](CC(C)C)C(=O)N1CCC[C@H]1C(=O)N1CCCC(C(N)=O)C1,11800.0,inactive
CHEMBL196884,CC(=O)N[C@@H](Cc1ccc(OP(=O)(O)O)cc1)C(=O)N[C@@H](CC(C)C)C(=O)N1CCC[C@H]1C(=O)N1CCN(CC(N)=O)CC1,1400.0,active
CHEMBL436479,CC(=O)N[C@@H](Cc1ccc(OP(=O)(O)O)cc1)C(=O)N[C@@H](CC(C)C)C(=O)N1CCC[C@H]1C(=O)N1CCC(CC(N)=O)C1,1690.0,active
CHEMBL370095,CNC(=O)[C@H](CCC(N)=O)NC(=O)[C@@H]1CCCN1C(=O)[C@H](CC(C)C)NC(=O)[C@H](Cc1ccc(OP(=O)(O)O)cc1)NC(C)=O,882.0,active
CHEMBL194855,CC(=O)N[C@@H](Cc1ccc(OP(=O)(O)O)cc1)C(=O)N[C@@H](CC(C)C)C(=O)N1CCC[C@H]1C(=O)N[C@@H](CCC(N)=O)C(=O)NCc1ccccc1,409.0,active
CHEMBL370208,CC(=O)N[C@@H](Cc1ccc(OP(=O)(O)O)cc1)C(=O)N[C@@H](CC(C)C)C(=O)N1CCC[C@H]1C(=O)N[C@@H](CCC(N)=O)C(=O)N[C@@H](C)c1ccccc1,596.0,active
CHEMBL193433,CC(=O)N[C@@H](Cc1ccc(OP(=O)(O)O)cc1)C(=O)N[C@@H](CC(C)C)C(=O)N1CCC[C@H]1C(=O)N[C@@H](CCC(N)=O)C(=O)N[C@H](C)c1ccccc1,801.0,active
CHEMBL382544,CC(=O)N[C@@H](Cc1ccc(OP(=O)(O)O)cc1)C(=O)N[C@@H](CC(C)C)C(=O)N1CCC[C@H]1C(=O)N[C@@H](CCC(N)=O)C(=O)O,748.0,active
CHEMBL382709,CC(=O)N[C@@H](Cc1ccc(OP(=O)(O)O)cc1)C(=O)N[C@@H](CC(C)C)C(=O)N1CCC[C@H]1C(=O)N[C@@H](CCC(N)=O)C(=O)N(C)C,1850.0,active
CHEMBL193800,CCN(CC)C(=O)[C@H](CCC(N)=O)NC(=O)[C@@H]1CCCN1C(=O)[C@H](CC(C)C)NC(=O)[C@H](Cc1ccc(OP(=O)(O)O)cc1)NC(C)=O,4220.0,active
CHEMBL372993,CC(=O)N[C@@H](Cc1ccc(OP(=O)(O)O)cc1)C(=O)N[C@@H](CC(C)C)C(=O)N1CCC[C@H]1C(=O)N[C@@H](CCC(N)=O)C(=O)N1CCCC1,2110.0,active
CHEMBL370000,CC(=O)N[C@@H](Cc1ccc(OP(=O)(O)O)cc1)C(=O)N[C@@H](CC(C)C)C(=O)N1CCC[C@H]1C(=O)N[C@@H](CCC(N)=O)C(=O)N1CCCCC1,7000.0,active
CHEMBL196664,CC(=O)N[C@@H](Cc1ccc(OP(=O)(O)O)cc1)C(=O)N[C@@H](CC(C)C)C(=O)N1CCC[C@H]1C(=O)N[C@@H](CCC(N)=O)C(=O)N(C)[C@H](C(N)=O)[C@@H](C)O,1220.0,active
CHEMBL370763,CC(C)C[C@H](NC(=O)[C@H](Cc1ccc(OP(=O)(O)O)cc1)NC(=O)CCc1ccccc1)C(=O)N1C[C@H]2C[C@H]2[C@H]1C(=O)N[C@@H](CCC(N)=O)C(=O)NCc1ccccc1,18800.0,inactive
CHEMBL382978,CC(=O)N[C@@H](Cc1ccc(OP(=O)(O)O)cc1)C(=O)N[C@@H](CC(C)C)C(=O)N1CCC[C@H]1C(=O)N[C@@H](CCC(N)=O)C(=O)N[C@H](C(N)=O)[C@@H](C)O,739.0,active
CHEMBL194516,CC(=O)N[C@@H](Cc1ccc(OP(=O)(O)O)cc1)C(=O)N[C@@H](CC(C)C)C(=O)N1CCC[C@H]1C(=O)N[C@@H](CCC(N)=O)C(N)=O,856.0,active
CHEMBL425571,CC(C)C[C@H](NC(=O)[C@H](Cc1ccc(OP(=O)(O)O)cc1)NC(=O)c1ccccc1)C(=O)N1CCC[C@H]1C(=O)N[C@@H](CCC(N)=O)C(=O)N[C@H](C(N)=O)[C@@H](C)O,814.0,active
CHEMBL197580,CCC(=O)N[C@@H](Cc1ccc(OP(=O)(O)O)cc1)C(=O)N[C@@H](CC(C)C)C(=O)N1CCC[C@H]1C(=O)N[C@@H](CCC(N)=O)C(=O)N[C@H](C(N)=O)[C@@H](C)O,497.0,active
CHEMBL435121,CC(C)C[C@H](NC(=O)[C@H](Cc1ccc(OP(=O)(O)O)cc1)NC(=O)OCc1ccccc1)C(=O)N1CCC[C@H]1C(=O)N[C@@H](CCC(N)=O)C(=O)N[C@H](C(N)=O)[C@@H](C)O,750.0,active
CHEMBL197844,CC(C)C[C@H](NC(=O)[C@H](Cc1ccc(OP(=O)(O)O)cc1)NC(=O)CCc1ccccc1)C(=O)N1CCC[C@H]1C(=O)N[C@@H](CCC(N)=O)C(=O)N[C@H](C(N)=O)[C@@H](C)O,276.0,active
CHEMBL198548,CC(=O)N[C@@H](Cc1ccc(OP(=O)(O)O)cc1)C(=O)N[C@H](C(=O)N1CCC[C@H]1C(=O)N[C@@H](CCC(N)=O)C(=O)N[C@H](C(N)=O)[C@@H](C)O)C(C)C,1540.0,active
CHEMBL371537,CC[C@H](C)[C@H](NC(=O)[C@H](Cc1ccc(OP(=O)(O)O)cc1)NC(C)=O)C(=O)N1CCC[C@H]1C(=O)N[C@@H](CCC(N)=O)C(=O)N[C@H](C(N)=O)[C@@H](C)O,1070.0,active
CHEMBL442785,CC(=O)N[C@@H](Cc1ccc(OP(=O)(O)O)cc1)C(=O)N[C@@H](Cc1ccccc1)C(=O)N1CCC[C@H]1C(=O)N[C@@H](CCC(N)=O)C(=O)N[C@H](C(N)=O)[C@@H](C)O,1890.0,active
CHEMBL371871,CC(=O)N[C@@H](Cc1ccc(OP(=O)(O)O)cc1)C(=O)N[C@@H](CC1CCCCC1)C(=O)N1CCC[C@H]1C(=O)N[C@@H](CCC(N)=O)C(=O)N[C@H](C(N)=O)[C@@H](C)O,910.0,active
CHEMBL197513,CCCC[C@H](NC(=O)[C@H](Cc1ccc(OP(=O)(O)O)cc1)NC(C)=O)C(=O)N1CCC[C@H]1C(=O)N[C@@H](CCC(N)=O)C(=O)N[C@H](C(N)=O)[C@@H](C)O,717.0,active
CHEMBL267246,CC(C)C[C@H](NC(=O)/C=C/c1ccc(OP(=O)(O)O)cc1)C(=O)N1CCC[C@H]1C(=O)N[C@@H](CCC(N)=O)C(=O)NCc1ccccc1,135.0,active
CHEMBL376795,CC(C)C[C@H](NC(=O)/C=C/c1ccc(OP(=O)(O)O)cc1)C(=O)N1CCC[C@H]1C(=O)N[C@H](C(=O)NCc1ccccc1)[C@@H](C)OC(N)=O,850.0,active
CHEMBL414034,CC(C)C[C@H](NC(=O)/C=C/c1ccc(OP(=O)(O)O)cc1)C(=O)N1CCC[C@H]1C(=O)N[C@@H](COC(N)=O)C(=O)NCc1ccccc1,379.0,active
CHEMBL392556,CC(C)C[C@H](NC(=O)[C@H](Cc1ccc(OP(=O)(O)O)cc1)NC(=O)c1ccc(C#N)cc1)C(=O)O,310000.0,inactive
CHEMBL234817,CC(C)C[C@H](NC(=O)[C@H](Cc1ccc(OP(=O)(O)O)cc1)NC(=O)c1ccc(C#N)cc1)C(=O)NCc1ccncc1,123000.0,inactive
CHEMBL234465,CC(C)CNC(=O)[C@H](CC(C)C)NC(=O)[C@H](Cc1ccc(OP(=O)(O)O)cc1)NC(=O)c1ccc(C#N)cc1,74000.0,inactive
CHEMBL412549,COc1cccc(NC(=O)[C@H](CC(C)C)NC(=O)[C@H](Cc2ccc(OP(=O)(O)O)cc2)NC(=O)c2ccc(C#N)cc2)c1,31000.0,inactive
CHEMBL398067,CC(C)C[C@H](NC(=O)[C@H](Cc1ccc(OP(=O)(O)O)cc1)NC(=O)c1ccc(C#N)cc1)C(=O)NCc1ccccc1,800000.0,inactive
CHEMBL438852,CC(C)C[C@H](NC(=O)[C@H](Cc1ccc(OP(=O)(O)O)cc1)NC(=O)c1ccc(C#N)cc1)C(=O)Nc1ccccc1,310000.0,inactive
CHEMBL393817,CC(C)C[C@H](NC(=O)[C@H](Cc1ccc(OP(=O)(O)O)cc1)NC(=O)c1ccc(C#N)cc1)C(=O)NC1CCCCC1,58000.0,inactive
CHEMBL234466,CC(C)C[C@H](NC(=O)[C@H](Cc1ccc(OP(=O)(O)O)cc1)NC(=O)c1ccc(C#N)cc1)C(=O)NCCCO,620000.0,inactive
CHEMBL395165,CC(=O)N[C@@H](Cc1ccc(OP(=O)(O)O)cc1)C(=O)N[C@@H](CC(C)C)C(=O)N1CCC[C@H]1C(=O)N[C@@H](CCC(N)=O)C(=O)N[C@H](C(=O)N[C@H](C(=O)O)C(C)C)[C@@H](C)O,9000.0,active
CHEMBL396939,CC(=O)N[C@@H](Cc1ccc(CP(=O)(O)O)cc1)C(=O)N[C@@H](CC(C)C)C(=O)N1CCC[C@H]1C(=O)N[C@@H](CCC(N)=O)C(=O)N[C@H](C(=O)N[C@H](C(=O)O)C(C)C)[C@@H](C)O,138000.0,inactive
CHEMBL439390,CC(=O)N[C@@H](Cc1ccc(-c2nn[nH]n2)cc1)C(=O)N[C@@H](CC(C)C)C(=O)N1CCC[C@H]1C(=O)N[C@@H](CCC(N)=O)C(=O)N[C@H](C(=O)N[C@H](C(=O)O)C(C)C)[C@@H](C)O,800.0,active
CHEMBL231705,CC(=O)N[C@@H](Cc1ccc(OC(C(=O)O)C(=O)O)cc1)C(=O)N[C@@H](CC(C)C)C(=O)N1CCC[C@H]1C(=O)N[C@@H](CCC(N)=O)C(=O)N[C@H](C(=O)N[C@H](C(=O)O)C(C)C)[C@@H](C)O,108.0,active
CHEMBL414897,CC(=O)N[C@@H](Cc1ccc(OCC(=O)O)cc1)C(=O)N[C@@H](CC(C)C)C(=O)N1CCC[C@H]1C(=O)N[C@@H](CCC(N)=O)C(=O)N[C@H](C(=O)N[C@H](C(=O)O)C(C)C)[C@@H](C)O,1000.0,active
CHEMBL233355,CC(=O)N[C@@H](Cc1ccc(Cc2nn[nH]n2)cc1)C(=O)N[C@@H](CC(C)C)C(=O)N1CCC[C@H]1C(=O)N[C@@H](CCC(N)=O)C(=O)N[C@H](C(=O)N[C@H](C(=O)O)C(C)C)[C@@H](C)O,1000.0,active
CHEMBL508923,O=C(Cc1ccc2c(c1)OCO2)NCCc1ccc(O)c(O)c1,357000.0,inactive
CHEMBL524275,Cc1oc(C)c2c(=O)cc(-c3ccc(O)c(O)c3)cc(O)c12,106000.0,inactive
CHEMBL504547,O=C1NC(=O)c2ccc(I)cc2/C1=C/NCc1ccc(-c2ccoc2)c(O)c1,1700.0,active
CHEMBL505076,CC(=O)N[C@@H](Cc1ccc(OP(=O)(O)O)cc1)C(=O)N[C@@H](CC(C)C)C(=O)N1CCC[C@H]1C(=O)N[C@@H](CCC(N)=O)C(=O)N[C@H](C(N)=O)[C@H](C)O,739.0,active
CHEMBL470227,CC(C)C[C@H](NC(=O)/C=C/c1ccc(OP(=O)(O)O)cc1)C(=O)N1CCC[C@H]1C(=O)N[C@@H](CCC(N)=O)C(=O)N[C@H](C(N)=O)[C@@H](C)O,136.0,active
CHEMBL485921,CC(C)C[C@H](NC(=O)c1cc2cc(OP(=O)(O)O)ccc2[nH]1)C(=O)N1CCC[C@H]1C(=O)N[C@@H](CCC(N)=O)C(=O)N[C@H](C(N)=O)[C@@H](C)O,186.0,active
CHEMBL443407,CC(C)C[C@H](NC(=O)c1ccc2cc(OP(=O)(O)O)ccc2c1)C(=O)N1CCC[C@H]1C(=O)N[C@@H](CCC(N)=O)C(=O)N[C@H](C(N)=O)[C@@H](C)O,100000.0,inactive
CHEMBL471109,CC(C)C[C@H](NC(=O)Cc1c[nH]c2ccc(OP(=O)(O)O)cc12)C(=O)N1CCC[C@H]1C(=O)N[C@@H](CCC(N)=O)C(=O)N[C@H](C(N)=O)[C@@H](C)O,100000.0,inactive
CHEMBL2372260,CC(=O)N1Cc2ccc(OP(=O)(O)O)cc2C[C@H]1C(=O)N[C@@H](CC(C)C)C(=O)N1CCC[C@H]1C(=O)N[C@@H](CCC(N)=O)C(=O)N[C@H](C(N)=O)[C@@H](C)O,100000.0,inactive
CHEMBL500738,CC(C)C[C@H](NC(=O)/C=C/c1cccc(OP(=O)(O)O)c1)C(=O)N1CCC[C@H]1C(=O)N[C@@H](CCC(N)=O)C(=O)N[C@H](C(N)=O)[C@@H](C)O,100000.0,inactive
CHEMBL448296,CC(=O)N[C@@H](Cc1ccc(OP(=O)(O)O)cc1)C(=O)N[C@H]1CC[C@H]2CC[C@@H](C(=O)N[C@@H](CCC(N)=O)C(=O)N[C@H](C(N)=O)[C@@H](C)O)N2C1=O,3530.0,active
CHEMBL502869,CC(=O)N[C@@H](Cc1ccc(OP(=O)(O)O)cc1)C(=O)N[C@H]1CC[C@@H]2CC[C@H](C(=O)N[C@@H](CCC(N)=O)C(=O)N[C@H](C(N)=O)[C@@H](C)O)N2C1=O,24700.0,inactive
CHEMBL503765,CC(=O)N[C@@H](Cc1ccc(OP(=O)(O)O)cc1)C(=O)N[C@H]1CCc2cccc3c2N(C1=O)[C@H](C(=O)N[C@@H](CCC(N)=O)C(=O)N[C@H](C(N)=O)[C@@H](C)O)C3,231.0,active
CHEMBL501981,CC(=O)N[C@@H](Cc1ccc(OP(=O)(O)O)cc1)C(=O)N[C@@H]1CCc2cccc3c2N(C1=O)[C@H](C(=O)N[C@@H](CCC(N)=O)C(=O)N[C@H](C(N)=O)[C@@H](C)O)C3,1650.0,active
CHEMBL504633,CC(=O)N[C@@H](Cc1ccc(OP(=O)(O)O)cc1)C(=O)N[C@@H](CC(C)C)C(=O)N1c2ccccc2C[C@H]1C(=O)N[C@@H](CCC(N)=O)C(=O)N[C@H](C(N)=O)[C@@H](C)O,4640.0,active
CHEMBL508900,C[C@@H](O)[C@H](NC(=O)[C@H](CCC(N)=O)NC(=O)[C@@H]1Cc2cccc3c2N1C(=O)[C@@H](NC(=O)CCc1ccc(OP(=O)(O)O)cc1)CC3)C(N)=O,3240.0,active
CHEMBL445970,NC(=O)CC[C@H](NC(=O)[C@@H]1CC[C@@H]2CC[C@H](NC(=O)/C=C/c3ccc(OP(=O)(O)O)cc3)C(=O)N21)C(=O)NCc1ccccc1,604.0,active
CHEMBL505207,NC(=O)CC[C@H](NC(=O)[C@@H]1CC[C@H]2CC[C@H](NC(=O)/C=C/c3ccc(OP(=O)(O)O)cc3)C(=O)N21)C(=O)NCc1ccccc1,45700.0,inactive
CHEMBL504218,NC(=O)CC[C@H](NC(=O)[C@H]1CC[C@H]2CC[C@H](NC(=O)/C=C/c3ccc(OP(=O)(O)O)cc3)C(=O)N21)C(=O)NCc1ccccc1,59800.0,inactive
CHEMBL449547,NC(=O)CC[C@H](NC(=O)[C@@H]1Cc2cccc3c2N1C(=O)[C@@H](NC(=O)/C=C/c1ccc(OP(=O)(O)O)cc1)CC3)C(=O)NCc1ccccc1,162.0,active
CHEMBL508912,NC(=O)CC[C@H](NC(=O)[C@@H]1Cc2cccc3c2N1C(=O)[C@@H](NC(=O)/C=C/c1ccc(OP(=O)(O)O)cc1)C=C3)C(=O)NCc1ccccc1,195.0,active
CHEMBL452194,NC(=O)CC[C@H](NC(=O)[C@@H]1Cc2cccc3c2N1C(=O)[C@@H](NC(=O)c1cc2cc(OP(=O)(O)O)ccc2[nH]1)CC3)C(=O)NCc1ccccc1,190.0,active
CHEMBL475488,O=C(O)CCCNC(=O)[C@@H]1Cc2cccc3c2N1C(=O)[C@@H](NC(=O)/C=C/c1ccc(OP(=O)(O)O)cc1)CC3,815.0,active
CHEMBL515762,NC(=O)C1CCN(C(=O)[C@@H]2Cc3cccc4c3N2C(=O)[C@@H](NC(=O)/C=C/c2ccc(OP(=O)(O)O)cc2)CC4)C1,595.0,active
CHEMBL510008,NC(=O)CC[C@H](NC(=O)[C@@H]1Cc2cccc3c2N1C(=O)[C@@H](NC(=O)/C=C/c1ccc(OP(=O)(O)O)cc1)CC3)C(=O)O,359.0,active
CHEMBL503365,COC(=O)[C@H](CCC(N)=O)NC(=O)[C@@H]1Cc2cccc3c2N1C(=O)[C@@H](NC(=O)/C=C/c1ccc(OP(=O)(O)O)cc1)CC3,141.0,active
CHEMBL449511,NC(=O)CC[C@H](NC(=O)[C@@H]1Cc2cccc3c2N1C(=O)[C@@H](NC(=O)/C=C/c1ccc(OP(=O)(O)O)cc1)CC3)C(N)=O,233.0,active
CHEMBL454365,CNC(=O)[C@H](CCC(N)=O)NC(=O)[C@@H]1Cc2cccc3c2N1C(=O)[C@@H](NC(=O)/C=C/c1ccc(OP(=O)(O)O)cc1)CC3,269.0,active
CHEMBL447460,CC(C)NC(=O)[C@H](CCC(N)=O)NC(=O)[C@@H]1Cc2cccc3c2N1C(=O)[C@@H](NC(=O)/C=C/c1ccc(OP(=O)(O)O)cc1)CC3,305.0,active
CHEMBL513887,NC(=O)[C@@H]1Cc2cccc3c2N1C(=O)[C@@H](NC(=O)/C=C/c1ccc(OP(=O)(O)O)cc1)CC3,35600.0,inactive
CHEMBL486267,C[C@H](NC(=O)[C@@H]1Cc2cccc3c2N1C(=O)[C@@H](NC(=O)/C=C/c1ccc(OP(=O)(O)O)cc1)CC3)C(N)=O,25060.0,inactive
CHEMBL468082,CCCC[C@H](NC(=O)[C@H](C)NC(=O)[C@@H]1Cc2cccc3c2N1C(=O)[C@@H](NC(=O)/C=C/c1ccc(OP(=O)(O)O)cc1)CC3)C(N)=O,19200.0,inactive
CHEMBL503946,C[S+]([O-])CC[C@H](NC(=O)[C@@H]1Cc2cccc3c2N1C(=O)[C@@H](NC(=O)/C=C/c1ccc(OP(=O)(O)O)cc1)CC3)C(N)=O,7600.0,active
CHEMBL455671,CS(=O)(=O)CC[C@H](NC(=O)[C@@H]1Cc2cccc3c2N1C(=O)[C@@H](NC(=O)/C=C/c1ccc(OP(=O)(O)O)cc1)CC3)C(N)=O,7030.0,active
CHEMBL507237,CC(=O)OC(C)(C)/C=C/C(=O)[C@](C)(O)[C@H]1[C@H](O)C[C@@]2(C)[C@@H]3CC=C4[C@H](C[C@H](O)C(=O)C4(C)C)[C@]3(C)C(=O)C[C@]12C,3000.0,active
CHEMBL583138,CC(C)C[C@H](NC(=O)/C=C/c1ccc(OP(=O)(O)O)cc1)C(=O)N1CCC[C@H]1C(=O)NCC(=O)NCc1ccccc1,4940.0,active
CHEMBL573901,CC(C)C[C@H](NC(=O)/C=C/c1ccc(OP(=O)(O)O)cc1)C(=O)N1CCC[C@H]1C(=O)N[C@@H](CC(N)=O)C(=O)NCc1ccccc1,874.0,active
CHEMBL583754,CC(C)C[C@H](NC(=O)/C=C/c1ccc(OP(=O)(O)O)cc1)C(=O)N1CCC[C@H]1C(=O)N[C@@H](CCCC(N)=O)C(=O)NCc1ccccc1,1400.0,active
CHEMBL574654,CC(C)C[C@H](NC(=O)/C=C/c1ccc(OP(=O)(O)O)cc1)C(=O)N1CCC[C@H]1C(N)=O,11400.0,inactive
CHEMBL578233,CC(C)C[C@H](NC(=O)/C=C/c1ccc(OP(=O)(O)O)cc1)C(=O)N1CCC[C@H]1C(=O)N[C@@H](C)C(N)=O,7800.0,active
CHEMBL573048,CC(C)C[C@H](NC(=O)/C=C/c1ccc(OP(=O)(O)O)cc1)C(=O)N1CCC[C@H]1C(=O)NCCCC(N)=O,574.0,active
CHEMBL574202,CC(C)C[C@H](NC(=O)/C=C/c1ccc(OP(=O)(O)O)cc1)C(=O)N1CCC[C@H]1C(=O)NC/C=C\C(N)=O,1110.0,active
CHEMBL575919,CC(C)C[C@H](NC(=O)/C=C/c1ccc(OP(=O)(O)O)cc1)C(=O)N1CCC[C@H]1C(=O)NCC#CC(N)=O,1140.0,active
CHEMBL578430,CC(C)C[C@H](NC(=O)/C=C/c1ccc(OP(=O)(O)O)cc1)C(=O)N1CCC[C@H]1C(=O)N1CCC[C@H]1CCC(N)=O,3310.0,active
CHEMBL577593,CC(C)C[C@H](NC(=O)/C=C/c1ccc(OP(=O)(O)O)cc1)C(=O)N1CCC[C@H]1C(=O)N[C@@H]1CN[C@H](C(N)=O)C1,3210.0,active
CHEMBL573068,CC(C)C[C@H](NC(=O)/C=C/c1ccc(OP(=O)(O)O)cc1)C(=O)N1CCC[C@H]1C(=O)N[C@H]1CN[C@H](C(N)=O)C1,3600.0,active
CHEMBL576736,CC(C)C[C@H](NC(=O)/C=C/c1ccc(OP(=O)(O)O)cc1)C(=O)N1CCC[C@H]1C(=O)NCCCS(N)(=O)=O,68200.0,inactive
CHEMBL574875,CC(C)C[C@H](NC(=O)/C=C/c1ccc(OP(=O)(O)O)cc1)C(=O)N1CCC[C@H]1C(=O)NCCCC(=O)NO,2640.0,active
CHEMBL575098,CC(C)C[C@H](NC(=O)/C=C/c1ccc(OP(=O)(O)O)cc1)C(=O)N1CCC[C@H]1C(=O)NCCCC(=O)NN,1830.0,active
CHEMBL578635,CC(C)C[C@H](NC(=O)/C=C/c1ccc(OP(=O)(O)O)cc1)C(=O)N1CCC[C@H]1C(=O)N[C@H](C)CCC(N)=O,110.0,active
CHEMBL573049,CC(C)C[C@H](NC(=O)/C=C/c1ccc(OP(=O)(O)O)cc1)C(=O)N1CCC[C@H]1C(=O)N[C@@H](C)CCC(N)=O,1180.0,active
CHEMBL575920,CC(C)C[C@H](NC(=O)/C=C/c1ccc(OP(=O)(O)O)cc1)C(=O)N1CCC[C@H]1C(=O)N[C@@H](CCC(N)=O)C(C)C,1880.0,active
CHEMBL574844,CC(C)C[C@H](CCC(N)=O)NC(=O)[C@@H]1CCCN1C(=O)[C@H](CC(C)C)NC(=O)/C=C/c1ccc(OP(=O)(O)O)cc1,4900.0,active
CHEMBL576785,CCCC[C@H](CCC(N)=O)NC(=O)[C@@H]1CCCN1C(=O)[C@H](CC(C)C)NC(=O)/C=C/c1ccc(OP(=O)(O)O)cc1,1350.0,active
CHEMBL573903,CC(C)C[C@H](NC(=O)/C=C/c1ccc(OP(=O)(O)O)cc1)C(=O)N1CCC[C@H]1C(=O)N[C@@H](CCC(N)=O)Cc1ccc(O)cc1,848.0,active
CHEMBL573904,CC(C)C[C@H](NC(=O)/C=C/c1ccc(OP(=O)(O)O)cc1)C(=O)N1CCC[C@H]1C(=O)N[C@@H](CCC(N)=O)COCc1ccccc1,294.0,active
CHEMBL583758,CC(C)C[C@H](NC(=O)/C=C/c1ccc(OP(=O)(O)O)cc1)C(=O)N1CCC[C@H]1C(=O)N[C@@H](CCC(N)=O)[C@@H](C)OCc1ccccc1,272.0,active
CHEMBL573643,CC(C)C[C@H](NC(=O)/C=C/c1ccc(OP(=O)(O)O)cc1)C(=O)N1CCC[C@H]1C(=O)N[C@@H](CCC(N)=O)COC(N)=O,615.0,active
CHEMBL583963,CC(C)C[C@H](NC(=O)/C=C/c1ccc(OP(=O)(O)O)cc1)C(=O)N1CCC[C@H]1C(=O)N[C@@H](CCC(N)=O)CN1CCCCC1,1210.0,active
CHEMBL573905,CC(C)C[C@H](NC(=O)/C=C/c1ccc(OP(=O)(O)O)cc1)C(=O)N1CCC[C@H]1C(=O)N[C@@H](CCC(N)=O)CN1CCN(C)CC1,1310.0,active
CHEMBL584974,CC(C)C[C@H](NC(=O)/C=C/c1ccc(OP(=O)(O)O)cc1)C(=O)N1CCC[C@H]1C(=O)N[C@@H](CCC(N)=O)CN1CCOCC1,1530.0,active
CHEMBL575513,CC(C)C[C@H](NC(=O)/C=C/c1ccc(OP(=O)(O)O)cc1)C(=O)N1CCC[C@H]1C(=O)N[C@@H](CCC(N)=O)CN(Cc1ccccc1)Cc1ccccc1,1080.0,active
CHEMBL573980,CC(C)C[C@H](NC(=O)/C=C/c1ccc(OP(=O)(O)O)cc1)C(=O)N1CCC[C@H]1C(=O)N[C@H](CN)CCC(N)=O,1240.0,active
CHEMBL573442,CC(=O)NC[C@H](CCC(N)=O)NC(=O)[C@@H]1CCCN1C(=O)[C@H](CC(C)C)NC(=O)/C=C/c1ccc(OP(=O)(O)O)cc1,589.0,active
CHEMBL576590,CC(C)C[C@H](NC(=O)/C=C/c1ccc(OP(=O)(O)O)cc1)C(=O)N1CCC[C@H]1C(=O)NCCOC(N)=O,360.0,active
CHEMBL584376,CC(C)C[C@H](NC(=O)/C=C/c1ccc(OP(=O)(O)O)cc1)C(=O)N1CCC[C@H]1C(=O)N[C@H](C)COC(N)=O,797.0,active
CHEMBL573902,CC(C)C[C@H](NC(=O)/C=C/c1ccc(OP(=O)(O)O)cc1)C(=O)N1CCC[C@H]1C(=O)N[C@H](COCc1ccccc1)COC(N)=O,454.0,active
CHEMBL583756,CC(C)C[C@H](NC(=O)/C=C/c1ccc(OP(=O)(O)O)cc1)C(=O)N1CCC[C@H]1C(=O)N[C@@H](COC(N)=O)[C@@H](C)OCc1ccccc1,6900.0,active
CHEMBL574636,CC(C)C[C@H](NC(=O)/C=C/c1ccc(OP(=O)(O)O)cc1)C(=O)N1CCC[C@H]1C(=O)NCCNC(N)=O,131.0,active
CHEMBL573069,CC(C)C[C@H](NC(=O)/C=C/c1ccc(OP(=O)(O)O)cc1)C(=O)N1CCC[C@H]1C(=O)N[C@H](C)CNC(N)=O,1350.0,active
CHEMBL575497,CC(C)C[C@H](NC(=O)/C=C/c1ccc(OP(=O)(O)O)cc1)C(=O)N1C[C@H]2C[C@H]2[C@H]1C(=O)N[C@@H](CCC(N)=O)C(=O)NCc1ccccc1,68.0,active
CHEMBL577143,CC(C)C[C@H](NC(=O)/C=C/c1ccc(OP(=O)(O)O)cc1)C(=O)N1C[C@H]2C[C@H]2[C@H]1C(=O)NCCCC(N)=O,303.0,active
CHEMBL576784,CC(C)C[C@H](NC(=O)/C=C/c1ccc(OP(=O)(O)O)cc1)C(=O)N1C[C@H]2C[C@H]2[C@H]1C(=O)N[C@H](C)CCC(N)=O,175.0,active
CHEMBL573930,CC(C)C[C@H](NC(=O)/C=C/c1ccc(OP(=O)(O)O)cc1)C(=O)N1C[C@H]2C[C@H]2[C@H]1C(=O)N[C@@H](CCC(N)=O)C(C)C,511.0,active
CHEMBL575484,CC(C)C[C@H](CCC(N)=O)NC(=O)[C@@H]1[C@@H]2C[C@@H]2CN1C(=O)[C@H](CC(C)C)NC(=O)/C=C/c1ccc(OP(=O)(O)O)cc1,1630.0,active
CHEMBL583116,CCCC[C@H](CCC(N)=O)NC(=O)[C@@H]1[C@@H]2C[C@@H]2CN1C(=O)[C@H](CC(C)C)NC(=O)/C=C/c1ccc(OP(=O)(O)O)cc1,499.0,active
CHEMBL583725,CC(C)C[C@H](NC(=O)/C=C/c1ccc(OP(=O)(O)O)cc1)C(=O)N1C[C@H]2C[C@H]2[C@H]1C(=O)N[C@@H](CCC(N)=O)[C@@H](C)O,437.0,active
CHEMBL583726,CC(=O)OC[C@H](CCC(N)=O)NC(=O)[C@@H]1[C@@H]2C[C@@H]2CN1C(=O)[C@H](CC(C)C)NC(=O)/C=C/c1ccc(OP(=O)(O)O)cc1,290.0,active
CHEMBL583727,CC(C)C[C@H](NC(=O)/C=C/c1ccc(OP(=O)(O)O)cc1)C(=O)N1C[C@H]2C[C@H]2[C@H]1C(=O)N[C@@H](CCC(N)=O)COCc1ccccc1,94.0,active
CHEMBL573443,CC(C)C[C@H](NC(=O)/C=C/c1ccc(OP(=O)(O)O)cc1)C(=O)N1C[C@H]2C[C@H]2[C@H]1C(=O)N[C@@H](CCC(N)=O)[C@@H](C)OCc1ccccc1,69.0,active
CHEMBL583728,CC(C)C[C@H](NC(=O)/C=C/c1ccc(OP(=O)(O)O)cc1)C(=O)N1C[C@H]2C[C@H]2[C@H]1C(=O)NCCOCc1ccccc1,69.0,active
CHEMBL1290746,Cc1ccc(C(=O)Nc2ccon2)cc1NC(=O)c1cnn(-c2ccccc2F)c1N,10000.0,inactive
CHEMBL1526413,Cc1cc(OCC(=O)Nc2ccncc2)ccc1Br,6701.0,active
CHEMBL254219,C[C@H]1O[C@@H](O[C@H]2[C@@H](O)C[C@H](O[C@H]3[C@@H](O)C[C@H](O[C@H]4CC[C@@]5(C)[C@H](CC[C@@H]6[C@@H]5CC[C@]5(C)[C@@H](C7=CC(=O)OC7)CC[C@]65O)C4)O[C@@H]3C)O[C@@H]2C)C[C@H](O)[C@@H]1O,700.0,active
CHEMBL1339432,O=C(NC1CC1)c1cc2c(s1)-c1ccccc1OC2,3832.0,active
CHEMBL1575333,CCOc1cc(C(=S)N2CCOCC2)ccc1OS(=O)(=O)c1ccc(NC(C)=O)cc1,5231.0,active
CHEMBL1329661,COc1ccc2nc3c(cc2c1)c(NC(=O)c1cccs1)nn3CC(C)C,3748.0,active
CHEMBL1536636,CCCCCCCc1ccc(-c2ccc(O)cc2)nc1,3259.0,active
CHEMBL1575557,CN1/C(=C\C(=O)C[n+]2ccc3ccccc3c2)C(C)(C)c2ccccc21.[Cl-],1740.0,active
CHEMBL1319229,CCc1c(C)c2ccc(OCC(=O)OC(C)C)c(C)c2oc1=O,6190.0,active
CHEMBL1477419,CN(C)S(=O)(=O)Oc1cccc(C(=O)Nc2ccc(Cl)cc2)c1,5227.0,active
CHEMBL3195322,CCCOc1ccc(/C=N/NC(=S)Nc2ccccc2[N+](=O)[O-])c(O)c1,1052.0,active
CHEMBL3196880,COc1ccc(/C=N/NC(=S)Nc2cccc(C(=O)O)c2)cc1,4556.0,active
CHEMBL1603921,O=C(COc1ccc2ccccc2c1)Nc1ccncc1,6113.0,active
CHEMBL1380192,CSc1ccc(NC(=O)N2CCN(c3nc4ccccc4s3)CC2)cc1,5965.0,active
CHEMBL1419744,COc1ccc(CC(=O)Nc2cccc(SC)c2)cc1OC,6367.0,active
CHEMBL1449103,Cc1ccc2c(C)nc(Nc3nc(O)cc(CSc4nc5ccccc5[nH]4)n3)nc2c1,5322.0,active
CHEMBL1300536,CNc1ccccc1C(C)(C)c1cc(-c2ccc(F)cc2)no1,5409.0,active
CHEMBL1459062,O=C1C2C3c4ccccc4C(c4ccccc43)C2c2nc3ccccc3n21,3228.0,active
CHEMBL1300956,CN1/C(=C\C(=O)C[n+]2ccc(C(=O)c3ccccc3)cc2)C(C)(C)c2ccccc21.[Cl-],5217.0,active
CHEMBL1341040,O=C(Nc1cccc(Cl)c1)Nc1ccnc(-c2cccnc2)n1,3200.0,active
CHEMBL1478316,O=C(Nc1ccncc1)c1ccc(-c2ccccc2)cc1,2157.0,active
CHEMBL1420649,O=C(Nc1cccc(S(=O)(=O)Nc2ccccc2Cl)c1)c1ccc(Cl)nc1,5135.0,active
CHEMBL1498999,CCCNC(=O)c1ccc(-c2nc3ccccc3s2)s1,5056.0,active
CHEMBL1320353,Cc1ccc(-n2nnnc2SCn2nnc3ccccc3c2=O)c(C)c1,5322.0,active
CHEMBL1459767,COC(=O)c1nn(-c2ccc3c(c2)CCN3C(C)=O)cc1O,1288.0,active
CHEMBL1459929,NNC(=O)c1cccc(COc2ccccc2Br)c1,3251.0,active
CHEMBL1499456,Cc1nc(CNS(=O)(=O)c2ccc(Oc3ccccc3)cc2)cs1,5543.0,active
CHEMBL1518163,O=C(COC(=O)c1[nH]nc2ccccc12)Nc1ccc(S(=O)(=O)N2CCCC2)cc1,4499.0,active
CHEMBL1751,C[C@H]1O[C@@H](O[C@H]2[C@@H](O)C[C@H](O[C@H]3[C@@H](O)C[C@H](O[C@H]4CC[C@@]5(C)[C@H](CC[C@@H]6[C@@H]5C[C@@H](O)[C@]5(C)[C@@H](C7=CC(=O)OC7)CC[C@]65O)C4)O[C@@H]3C)O[C@@H]2C)C[C@H](O)[C@@H]1O,1862.0,active
CHEMBL1596406,Cc1csc(NC(=O)c2cc3c(s2)CCCC3)n1,3818.0,active
CHEMBL1490562,CCOC(=O)Cc1csc(SCC(=O)c2c(N)n(CC(C)C)c(=O)n(C)c2=O)n1,3700.0,active
CHEMBL1539607,CCC(C)N=C(S)Nc1ccc(C(=O)OC)cc1,4350.0,active
CHEMBL1596496,c1ccc(C(Cc2nc(-c3ccncc3)no2)c2ccccc2)cc1,5051.0,active
CHEMBL1604945,O=C(Nc1ccc(Oc2ccccc2)cc1)c1cnc2n(c1=O)CCS2,1613.0,active
CHEMBL1608301,Cc1cccc(-c2nc3cc(NC(=O)C4CCCO4)ccc3o2)c1,6319.0,active
CHEMBL1501238,Cc1ccc(N2C(=O)c3ccccc3C2O)nc1,5983.0,active
CHEMBL1605293,CC(=O)Nc1ccc(-c2csc(Nc3ccc(Cl)cn3)n2)cc1,6337.0,active
CHEMBL1488466,O=C(Nc1ccc(Cc2ccncc2)cc1)c1ccc(S(=O)(=O)N2CCOCC2)cc1,4306.0,active
CHEMBL1501859,CNC(=O)Oc1cccc(-c2cn3cc(Cl)ccc3n2)c1,1780.0,active
CHEMBL1520051,Cc1cccc(C)c1NC(=O)N1CCN(c2nc3ccccc3s2)CC1,4479.0,active
CHEMBL1402502,CCC(C)(C)c1ccc(OCCCC[n+]2cccc(C)c2)c(C(C)(C)CC)c1.[Br-],4088.0,active
CHEMBL1370479,Cc1ccccc1OCCCCn1cnc2ccccc21,5732.0,active
CHEMBL222863,C[C@@H]1O[C@@H](O[C@H]2C[C@@H](O)[C@]3(CO)[C@H]4[C@H](O)C[C@]5(C)[C@@H](C6=CC(=O)OC6)CC[C@]5(O)[C@@H]4CC[C@]3(O)C2)[C@H](O)[C@H](O)[C@H]1O,1154.0,active
CHEMBL1344478,Cc1ccc(S(=O)(=O)N(C)c2ccc(C(=O)N3CCN(Cc4ccc5c(c4)OCO5)CC3)cc2)cc1,6171.0,active
CHEMBL1541720,CCOC(=O)c1sc2nc(CC(=O)OC)nc(NCc3ccc(Cl)cc3)c2c1C,7656.0,active
CHEMBL1463780,COc1ccc(C)cc1-n1nnnc1SCn1nnc2ccccc2c1=O,7584.0,active
CHEMBL1424992,Cc1ccc(-n2ncc3c(SCc4cccnc4)ncnc32)c(C)c1,5763.0,active
CHEMBL1598614,CCOc1ncccc1C(=O)OCC(=O)Nc1ccc(-c2nc3ccc(C)cc3s2)cc1,3253.0,active
CHEMBL1542483,NC(=O)C1CCN(c2ccc(S(=O)(=O)N3CCC(Cc4ccccc4)CC3)cn2)CC1,4927.0,active
CHEMBL1503513,Oc1ccc(-c2nnc(S)n2-c2ccc3c(c2)OCCO3)c(O)c1,5367.0,active
CHEMBL1464371,Clc1ccc2ncc(-c3nnnn3-c3ccccc3)c(-c3ccccc3)c2c1,8014.0,active
CHEMBL1489401,O=C(C1CCN(c2nc3ccc(Br)cc3s2)CC1)N1CCC2(CC1)OCCO2,2793.0,active
CHEMBL1542876,Cc1nn2cc(-c3ncc(C(F)(F)F)cc3Cl)cnc2c1Br,11370.0,inactive
CHEMBL1386065,O=C(Nc1nccs1)c1ccc(S(=O)(=O)NCC2CCCCC2)cc1,3028.0,active
CHEMBL1442663,O=C(Nc1nc(-c2ccc(Cl)s2)cs1)c1ccncc1,4010.0,active
CHEMBL1560530,O=C(Nc1ccn(Cc2ccccc2F)n1)c1ccc(COc2ccccc2Cl)cc1,5118.0,active
CHEMBL1476319,Cn1c(CN2CCCCC2)nc2cc(NC(=O)c3cccc(Br)c3)ccc21,4555.0,active
CHEMBL1482188,CCN(CC)c1ccc(NC(=O)CN2C(=O)CSc3ncccc32)c(C)c1,3823.0,active
CHEMBL1425718,COc1ccccc1OCC(=O)c1[nH]c(C)c(C(C)=O)c1C,5335.0,active
CHEMBL1386322,Cc1ccsc1/C=C1\CCc2ccccc2C1=O,5036.0,active
CHEMBL1482965,O=C(Nc1ccncc1)c1ccc2c(c1)C(=O)N(C1CCCCC1)C2=O,2416.0,active
CHEMBL1337186,O=C(Nc1cccc(O)c1)C(=O)Nc1ccccn1,3700.0,active
CHEMBL1544478,CCOC(=O)c1ccc(NC(=O)c2ccc(CN3CCOCC3)cc2)cc1,2901.0,active
CHEMBL1404788,COc1cccc(-c2cc(C(=O)Nc3cccc(O)c3)no2)c1,4994.0,active
CHEMBL1483201,O=C(Nc1ccn(Cc2ccccc2F)n1)c1ccc(COc2ccc(Br)cc2)cc1,2898.0,active
CHEMBL1455974,COc1ccc(NS(=O)(=O)c2ccc(NC(=O)c3ccc(N(C)S(C)(=O)=O)cc3)cc2)cc1,3992.0,active
CHEMBL1325226,CCCOc1ccc(CSc2nc3ccccc3[nH]2)cc1,6530.0,active
CHEMBL1404979,O=C1c2ccc(Br)cc2C(=O)N1c1ccc(Cc2ccncc2)cc1,5652.0,active
CHEMBL1573523,O=C(CSc1ccc2ccccc2c1)Nc1ccncc1,7657.0,active
CHEMBL1427458,Cc1ccc(Oc2ccc(C(=O)NCc3ccncc3)cc2)cc1,5360.0,active
CHEMBL1365626,COC(=O)c1cccc(NC(=O)CSc2nc3cccnc3n2C)c1,5351.0,active
CHEMBL1365679,CC1CCC2C(=O)N(c3ccccc3OC(=O)c3ccccc3)C(=O)C2C1,9221.0,active
CHEMBL1562110,Cc1nc2sccn2c1-c1csc(NCc2ccccc2)n1,4370.0,active
CHEMBL578504,CC[n+]1ccccc1C=Cc1ccc(N(C)C)cc1.[I-],2936.0,active
CHEMBL1607115,CC(=O)c1cn(CC(=O)Nc2ccccc2C)c2ccccc12,5073.0,active
CHEMBL1338375,COc1ccc(-c2nn(C)c(=O)c3ccccc23)cc1NC(=O)COc1ccc(C)cc1,5060.0,active
CHEMBL1545677,c1ccc(CC2CCN(c3ncnc4sccc34)CC2)cc1,1610.0,active
CHEMBL1523501,CC(=O)c1ccc(N=Nc2ccc(C)cc2)cc1,4774.0,active
CHEMBL1546405,Clc1ccc(OCc2cc(-c3ccccc3)no2)c(Cl)c1,8024.0,active
CHEMBL1966497,COc1ccc(/C=N/NC(=S)Nc2ccccc2[N+](=O)[O-])cc1O,1738.0,active
CHEMBL1428891,O=C(Nc1ccc(N2CCOCC2)nc1)c1ccc(C(F)(F)F)cc1,3401.0,active
CHEMBL1467999,COc1ccc(CC(=O)Nc2cccc(-c3nnc(-c4cccc(C)c4)o3)c2)cc1OC,3324.0,active
CHEMBL1468211,O=C1C2C3c4ccccc4C(c4ccccc43)[C@@H]2c2nc3ccccc3n21,4511.0,active
CHEMBL1309913,Nc1cc(-c2ccccc2)nn1Cc1ccc(Cl)cc1,6762.0,active
CHEMBL1468344,CC1CCCCC1NS(=O)(=O)c1ccc(S(=O)(=O)NCc2ccncc2)cc1,3279.0,active
CHEMBL1429297,O=C(Nc1ccc(Oc2ccccc2)cc1)C1CCN(c2c3c(nc4ncnn24)CCC3)CC1,6454.0,active
CHEMBL1309874,Cc1cc(C)n(Cc2ccc(NC(=O)c3ccc(COc4ccccc4Br)cc3)cc2)n1,7640.0,active
CHEMBL1563149,COc1ccc2cc(-c3cc(C(=O)OCC(=O)Nc4c(C)n(C)n(-c5ccccc5)c4=O)c4ccccc4n3)ccc2c1,4626.0,active
CHEMBL1607661,Clc1ccc(CSc2nnc(Cn3cnc4ccccc43)o2)cc1,5020.0,active
CHEMBL1350141,CCOC(=O)c1oc2ccc(S(=O)(=O)Nc3ccc4c(c3)n(C)c(=O)n4C)cc2c1C,5038.0,active
CHEMBL1563220,Cc1cc(NC(=O)c2cc(-c3cccs3)on2)nn1Cc1ccc(Cl)cc1,5484.0,active
CHEMBL1601960,O=C1CCCN1c1ccc(S(=O)(=O)N2CCC(c3ccccc3)CC2)cc1,4501.0,active
CHEMBL3190201,COC(=O)Oc1ccc(/C=N/NC(=O)CSCc2ccccc2Br)cc1OC,2066.0,active
CHEMBL372840,C[C@H]1CCC[C@@H](O)CCC/C=C/c2cc(O)cc(O)c2C(=O)O1,5252.0,active
CHEMBL1530735,CCCCOc1ccc(C(=O)Nc2ccncc2)cc1,2106.0,active
CHEMBL1547757,Nc1cc(-c2ccc(Br)cc2)nn1Cc1ccccc1,4050.0,active
CHEMBL1391158,Cc1ccc(-c2cn3cc([N+](=O)[O-])ccc3n2)cc1,4088.0,active
CHEMBL1509244,CC(=O)N1CCc2cc(S(=O)(=O)NC3CCCc4ccccc43)ccc21,5122.0,active
CHEMBL1327627,CCOC(=O)C1=C(Cc2ccc(C)cc2)C(=O)c2ccccc2C1=O,7037.0,active
CHEMBL1407286,Cc1cc(OCC(=O)Nc2ccncc2)cc(C)c1Br,3184.0,active
CHEMBL1509727,Cc1nc2ccccc2cc1OCc1ccc(F)cc1,3466.0,active
CHEMBL1548815,O=C(Oc1cccc(Nc2ncnc3ccccc23)c1)c1ccccc1Cl,4442.0,active
CHEMBL1587759,O=C(Oc1ccccc1N1C(=O)C2CCCCC2C1=O)c1ccccc1,7928.0,active
CHEMBL3199744,COc1ccc(Br)cc1/C(C)=N/NC1=NCCN1.Cl,5437.0,active
CHEMBL1510023,Nc1c(C(=O)NC2CCCCC2)nsc1C(=O)OCC(=O)NC1CCCCC1,4220.0,active
CHEMBL1603032,CCC1C(=O)NCCN1Cc1nc(-c2ccc(-c3ccccc3)cc2)oc1C,7343.0,active
CHEMBL1352525,Cc1cccc(N2CCN(C(=O)CSCc3c(C)noc3C)CC2)c1C,4555.0,active
CHEMBL1312502,O=C(Nc1ccc(N2CCN(C(=O)c3ccco3)CC2)c(Cl)c1)c1cc2ccccc2o1,8945.0,active
CHEMBL1510582,Cc1ccc(Cl)cc1N1CCN(C(=O)COc2ccc(S(=O)(=O)NC(C)C)cc2)CC1,7799.0,active
CHEMBL1393007,Cc1nc2ccccc2cc1OCc1ccccc1,4759.0,active
CHEMBL1588771,CC(C)Cn1c(N)c(C(=O)CSc2ccccc2)c(=O)n(C)c1=O,5567.0,active
CHEMBL1570537,CN(C)S(=O)(=O)c1ccc(C(=O)Nc2nc(-c3cccs3)cs2)cc1,8643.0,active
CHEMBL1588702,COc1cc(OC)cc(C(=O)Nc2nnc(N=C(S)Nc3ccccc3)s2)c1,3913.0,active
CHEMBL1432712,Cn1c(=O)oc2cc(S(=O)(=O)N3CCCC(C(=O)N4CC=C(c5ccccc5)CC4)C3)ccc21,5413.0,active
CHEMBL1447188,COc1cc(OC)cc(C(=O)Nc2ccc(-c3nc4ccccc4o3)cc2)c1,16420.0,inactive
CHEMBL1472244,O=S(=O)(c1ccc2c(c1)OCCO2)N1CCC(c2nc3ccccc3s2)CC1,6728.0,active
CHEMBL1492655,O=c1c2c(nc3n1CCCCC3)sc1c(O)cccc12,7419.0,active
CHEMBL1366712,O=C(Nc1cccc(O)c1)c1noc2c1CCc1ccccc1-2,3554.0,active
CHEMBL1453320,COc1ccc(C(=O)Nc2ccc3oc(Cc4ccc(Cl)cc4)nc3c2)cc1OC,6737.0,active
CHEMBL1369131,Cc1cc(C)n(-c2nnc3n2N=C(c2c[nH]c4ccccc24)CS3)n1,14490.0,inactive
CHEMBL1437930,O=C(CCN1CCOCC1)N1CCc2c([nH]c3ccccc23)C1c1cccc(Cl)c1,7413.0,active
CHEMBL1369090,O=c1c2ccccc2ncn1Cc1ccco1,5664.0,active
CHEMBL1526414,O=C(NC1=Nc2cccc3cccc(c23)N1)c1ccccc1,1833.0,active
CHEMBL1299373,COCc1cc(O)n2c(-c3ccccc3OC)nnc2n1,821.0,active
CHEMBL1368342,Cn1c(CNc2ccccc2O)nc2ccccc21,8.49,active
CHEMBL1368375,COc1ccc(-c2nc3scc(-c4ccccc4)n3n2)cc1,5795.0,active
CHEMBL1379838,Cn1nc(-c2ccc(Cl)cc2)c2cc(C(=O)NCC3CCCO3)sc21,6190.0,active
CHEMBL1448413,O=C(CCCSc1nc2ccccc2s1)NCc1ccco1,10680.0,inactive
CHEMBL1340119,CCc1cc2c(NCCC(=O)O)nc(C)nc2s1,55700.0,inactive
CHEMBL1300161,CCN(CC)S(=O)(=O)c1ccc(-c2nnc3sc4cccc(C)c4n23)cc1,55700.0,inactive
CHEMBL1300243,CC1=C(C)C(=O)C(N2CCOCC2)=CC1=O,23520.0,inactive
CHEMBL1605444,CCOc1ccccc1-c1nnc(S)o1,521.0,active
CHEMBL1399590,COc1cccc(-c2nc(N3CCCCC3C)c3ccccc3n2)c1O,55700.0,inactive
CHEMBL1556610,Cc1nc(N=C(N)Nc2ccccc2)nc2ccccc12,2109.0,active
CHEMBL1410722,CCOc1ccc(CN2CCN(Cc3cc4ccccc4[nH]3)CC2CCO)cc1,644.0,active
CHEMBL1301223,Cc1ccccc1C1c2[nH]c3ccccc3c2CCN1C(=O)c1ccc(=O)n(C)n1,4194.0,active
CHEMBL1449962,COc1cc(NC(=O)c2cc(C3CC3)on2)c(OC)cc1Cl,76.0,active
CHEMBL1341345,Cc1c(C#N)c2ccccc2n1CC(=O)O,5095.0,active
CHEMBL1301345,CCCNC(=O)Cn1c2ccccc2c2nc(=O)cc(C)n21,3325.0,active
CHEMBL258089,Cc1c(C(=O)NCc2cccnc2)oc2ccc(S(=O)(=O)N3CC(C)CC(C)C3)cc12,55700.0,inactive
CHEMBL1489951,O=C(O)C(Cc1c[nH]c2ccccc12)N1Cc2ccccc2C1=O,10940.0,inactive
CHEMBL1301794,CCN1CCN(C(=O)c2cc3c(-c4ccc(Cl)cc4)nn(C)c3s2)CC1,55700.0,inactive
CHEMBL1360680,COC(=O)NNC(=O)c1ccccc1OC,6032.0,active
CHEMBL1341945,Cl.Nc1ccccc1Sc1nc2ccccc2[nH]1,11860.0,inactive
CHEMBL1539238,Cc1nonc1CC(=O)N1CCc2c([nH]c3ccccc23)C1c1ccccc1F,2062.0,active
CHEMBL1518665,c1ccc2c(c1)CCCN2c1nc2ccccc2n2cnnc12,1357.0,active
CHEMBL1412524,CN(C)C(CN1C(=O)C2CC=CCC2C1=O)c1cn(C)c2ccccc12.Cl,55700.0,inactive
CHEMBL1372949,Nc1nc(-c2ccc(Cl)cc2)nn1C(=O)c1cccs1,688.0,active
CHEMBL1539619,Cc1cccc(NC(=O)c2cc([N+](=O)[O-])ccc2Cl)c1O,6190.0,active
CHEMBL1558246,COC(=O)c1[nH]nc2ccccc12,3326.0,active
CHEMBL1558140,COCCNC(=O)c1cc2c(-c3ccc(Cl)cc3)nn(C)c2s1,55700.0,inactive
CHEMBL1558283,CCn1c(C(=O)Nc2ccsc2C(=O)OC)cc2sc(Cl)cc21,55700.0,inactive
CHEMBL1303262,O=C(Cc1cnc2ncnn2c1)N1CCc2c([nH]c3ccccc23)C1c1ccccc1F,13700.0,inactive
CHEMBL530664,Cn1nc(-c2ccc(Cl)cc2)c2cc(C(=O)NCCN3CCOCC3)sc21,6876.0,active
CHEMBL1452439,CC(C)CC1c2[nH]c3ccccc3c2CCN1C(=O)CCC(=O)N(C)C,6190.0,active
CHEMBL1570104,Cc1nn(-c2ccc(Cl)cc2)c(N)c1C(O)(CSc1nccn1C)C(F)(F)F,55700.0,inactive
CHEMBL1322173,COc1ccc(CN2CCN(S(=O)(=O)c3ccc(C)cc3)CC2)cc1Br,6131.0,active
CHEMBL1570764,CC(=O)NCCC(=O)N1CCc2c([nH]c3ccccc23)C1c1cccc(C)c1,2496.0,active
CHEMBL1414300,O=C(c1cc[n+]([O-])cc1)N1CCc2c([nH]c3ccccc23)C1c1ccccc1Cl,8294.0,active
CHEMBL1334718,CC(=O)NCCC(=O)N1CCc2c([nH]c3ccccc23)C1c1cccc(Cl)c1,55700.0,inactive
CHEMBL1322557,CC1=NN(c2ccccc2)C(=O)/C1=C/c1cc2ccccc2[nH]1,229.0,active
CHEMBL1362522,COc1ccccc1C(=O)NN=C(S)Nc1ccccc1,229.0,active
CHEMBL1559225,CCC(C(=O)Nc1ccccc1OC)n1c(C(=O)OC)cc2ccsc21,2025.0,active
CHEMBL1362841,O=C(Cc1cccs1)Nc1ccccn1,8061.0,active
CHEMBL1384888,N#Cc1cn(CC(=O)O)c2ccccc12,9778.0,active
CHEMBL1410782,COc1ccc(C)cc1NC(=O)c1[nH]c(C)c(C(C)=O)c1C,10360.0,inactive
CHEMBL1304983,CN1CCN(C(=O)CNc2ccc(C(F)(F)F)cc2[N+](=O)[O-])CC1,3559.0,active
CHEMBL1541958,CC(=O)n1cc(Nc2ccc([N+](=O)[O-])cc2)c2ccccc21,55700.0,inactive
CHEMBL1385195,O=C(Nc1ccccc1O)c1csc2c1CCCC2,2439.0,active
CHEMBL1503154,COc1ccc(S(=O)(=O)Nc2nc3ccccc3s2)cc1OC,13850.0,inactive
CHEMBL1580974,O=C(O)C1CC=CCC1C(=O)Nc1ccc(S(=O)(=O)N2CCCc3ccccc32)cc1,5674.0,active
CHEMBL1542426,COCCSc1ccccc1C(=O)NCCc1ccccc1,55700.0,inactive
CHEMBL1528519,CN(Cc1ccccc1)Cc1c[nH]c2ccccc12,55700.0,inactive
CHEMBL1610497,NNc1ncnc2sc3c(c12)CCC3,55700.0,inactive
CHEMBL1481853,COc1ccc(Cl)cc1NC(=O)c1oc(C)nc1C,55700.0,inactive
CHEMBL1323798,COc1ccccc1-c1nnc(SCC(=O)NC2CCCCC2)o1,1872.0,active
CHEMBL1464509,CC(=O)N1N=C(c2ccccc2O)OC1(C)CC(=O)Nc1ccccc1,55700.0,inactive
CHEMBL1323935,COC(=O)c1sccc1NC(=O)c1cc2c(s1)CCCC2,2060.0,active
CHEMBL1386224,CN1N=C(C(=O)N2CCc3c([nH]c4ccccc34)C2c2c(F)cccc2Cl)CCC1=O,4817.0,active
CHEMBL1454972,COCc1cc(C)nc2sc(C(=O)NN)c(-n3cccc3)c12,25650.0,inactive
CHEMBL1611185,Cc1nc2ccccc2cc1O,3397.0,active
CHEMBL1364109,CC1Cc2ccccc2N1Cc1cc(=O)n2ccsc2n1,12990.0,inactive
CHEMBL1482268,O=C(CN1CCNCC1)Nc1ccc(Oc2ccccc2)cc1,55700.0,inactive
CHEMBL1450225,Cc1ccc(CC(=O)Nc2nc3c(s2)CCCC3)cc1,55700.0,inactive
CHEMBL1572697,CC(=O)Nc1c(Cl)n(C(C)=O)c2ccccc12,76.0,active
CHEMBL1386595,Cc1cc(-c2ccc(Cl)cc2)c(C#N)c(N)n1,5903.0,active
CHEMBL1582302,Cc1cccc2c1NC(=O)/C2=C\C(=O)c1cccs1,18560.0,inactive
CHEMBL1376802,O=C(C1CCCN(S(=O)(=O)c2cccc3cccnc23)C1)N1CCc2ccccc21,55700.0,inactive
CHEMBL1336909,CC1CCN(C(=O)Cn2c(=O)n(CCc3ccccc3)c(=O)c3ccccc32)CC1,55700.0,inactive
CHEMBL1560912,Cc1nc2c(n1C1CCCCC1)C(=O)c1ccccc1C2=O,5805.0,active
CHEMBL1504503,COc1ccc(Cl)cc1-c1nc(-c2ccc(Br)o2)no1,8513.0,active
CHEMBL1337042,CCOC(=O)c1sc(NCc2ccco2)c(-c2nc3ccccc3s2)c1N,9757.0,active
CHEMBL1482737,CCC(=O)NCCSc1c[nH]c2ccccc12,16970.0,inactive
CHEMBL1443482,O=C(c1cccnc1)N1CCc2ccccc21,8129.0,active
CHEMBL1416896,CCOc1ccccc1CN1CCN(Cc2cc3ccccc3[nH]2)CC1CCO,55700.0,inactive
CHEMBL1483112,CCCSc1nnc(Sc2nnnn2-c2ccccc2)s1,6190.0,active
CHEMBL3144975,Cc1[nH]n(-c2ccccc2)c(=O)c1C=C1C(=O)NC(=O)NC1=O,55700.0,inactive
CHEMBL1544647,CN1CCN(CCCNC(=O)c2cc3c(-c4ccc(Cl)cc4)nn(C)c3s2)CC1,3777.0,active
CHEMBL1600680,CCOC(=O)C1(CC2CCCCO2)CCN(Cc2cc3ccccc3[nH]2)CC1,55700.0,inactive
CHEMBL442581,COc1ccccc1C(=O)Nc1cc(Cl)ccc1O,2060.0,active
CHEMBL1325801,c1ccc2c(CNC3CCCCCC3)c[nH]c2c1,55700.0,inactive
CHEMBL1506434,O=C(Cc1c[nH]c2ccccc12)Nc1nc2ccccc2[nH]1,4978.0,active
CHEMBL1467246,COc1ccc(C2c3[nH]c4ccccc4c3CCN2C(=O)c2cc3ncccn3n2)c(F)c1,5225.0,active
CHEMBL1545665,COc1ccc(NC(=O)N2CCn3c2nc2ccccc23)cc1,55700.0,inactive
CHEMBL1378470,CCOc1cc(-c2ccc(N)c(OCC)c2)ccc1N,55700.0,inactive
CHEMBL1338485,CCOc1ccccc1C1CC(c2cccs2)=NN1S(C)(=O)=O,55700.0,inactive
CHEMBL1389016,COc1cc(NC(=O)c2cc(C(C)C)on2)c(OC)cc1Cl,229.0,active
CHEMBL1584884,COC(=O)C(NC=O)C(O)(Cc1ccccc1)C(F)(F)F,688.0,active
CHEMBL1338665,COCCCNc1nc2c(-c3cccc(C(F)(F)F)c3)nnn2c2ccccc12,55700.0,inactive
CHEMBL1457224,Cc1nnc(NC(=O)c2oc3c(ccc4ccccc43)c2C)s1,619.0,active
CHEMBL1418188,COCCNC(=O)C(=O)NNC(=O)c1ccccc1OC,14720.0,inactive
CHEMBL1349451,COc1ccc(-c2nnc(Nc3nc4c(OC)cccc4s3)o2)cc1,55700.0,inactive
CHEMBL1535939,CN1C(=O)c2ccccc2C(C(=O)NCCCN2CCCC2=O)C1c1c[nH]c2ccccc12,55700.0,inactive
CHEMBL1490917,O=C(COc1ccccc1Cl)Nc1cc(Cl)ccc1O,571.0,active
CHEMBL1389728,Cn1nc(-c2ccc(Cl)cc2)c2cc(C(=O)NCCCN3CCCC3)sc21,6190.0,active
CHEMBL1524075,NC(=O)CSc1c[nH]c2ccccc12,14790.0,inactive
CHEMBL1406413,CCC(CC)NC(=O)Cc1ccccc1[N+](=O)[O-],55700.0,inactive
CHEMBL1430058,Cn1nc(-c2ccc(Cl)cc2)c2cc(C(=O)NCCCN3CCOCC3)sc21,27850.0,inactive
CHEMBL1390963,COc1cccc2sc(Nc3nnc(-c4ccc(F)cc4)o3)nc12,688.0,active
CHEMBL1547935,O=C(Cc1c[nH]c2ccccc12)Nc1nnc(C2CC2)s1,2980.0,active
CHEMBL1509017,COc1cc(NC(=O)c2cc(-c3ccco3)on2)c(OC)cc1Cl,1711.0,active
CHEMBL1430610,CCCc1cc(C(=O)Nc2cc(OC)c(Cl)cc2OC)no1,229.0,active
CHEMBL1430550,CCCN(CCC)C(=O)Cn1c2ccccc2c2nc(=O)cc(C)n21,174.0,active
CHEMBL1367459,COc1ccc(Br)cc1C(=O)Nc1cccc(C)c1,11340.0,inactive
CHEMBL1351615,O=C(CCc1nnc(Cc2ccc3c(c2)OCO3)o1)NCc1nc2ccccc2s1,2847.0,active
CHEMBL1485511,CCCc1nnc(N2C(=O)c3cccc4cccc(c34)C2=O)s1,55700.0,inactive
CHEMBL1367683,CC(OC(=O)c1cccnc1SCc1cc(=O)n2ccccc2n1)c1ccccn1,6190.0,active
CHEMBL1391810,O=C(Nc1nnc(-c2ccccc2Cl)o1)c1nc2ccccc2s1,55700.0,inactive
CHEMBL1548996,CN1C(=O)/C(=C\c2cc(Br)cs2)c2ccccc21,635.0,active
CHEMBL1407470,COc1ccccc1NC(=O)c1[nH]c(C)c(C(C)=O)c1C,25.5,active
CHEMBL1312229,CCOC(=O)CC1C(=O)NCCN1C(=O)c1cc2c(=O)n3cccc(C)c3nc2s1,55700.0,inactive
CHEMBL1431924,COc1ccc(Cl)cc1NC(=O)Nc1ccc(Br)cn1,55700.0,inactive
CHEMBL1328233,CC(C)CC(=O)NC(=S)Nc1nc(-c2ccccc2)cs1,468.0,active
CHEMBL1549714,Nc1nnc(Cc2c[nH]c3ccccc23)s1,55700.0,inactive
CHEMBL1392618,COc1ccc(C2c3[nH]c4ccccc4c3CCN2C(=O)c2ccc(=O)n(C)n2)c(F)c1,2437.0,active
CHEMBL1525574,COC(=O)c1sccc1NC(=O)c1ccc(Br)s1,18560.0,inactive
CHEMBL1432151,Cc1noc(/C=C/N(C)C)c1S(=O)(=O)N1CCc2ccccc21,15000.0,inactive
CHEMBL1588761,CN(C)C(=O)COC(=O)/C=C/c1ccccc1[N+](=O)[O-],7746.0,active
CHEMBL1353526,N#C/C(=C1\C(=O)Nc2ccccc21)c1nc2ccccc2s1,55700.0,inactive
CHEMBL1472198,COCCCNC(=O)c1cc2c(-c3ccc(Cl)cc3)nn(C)c2s1,55700.0,inactive
CHEMBL1353939,COc1ccccc1C(=O)NNC(=O)c1ccc(NC(=O)C(C)C)cc1,1298.0,active
CHEMBL1299252,CCOC(=O)N1CCN(C(=O)c2ccc(-n3c(=S)[nH]c4ccccc4c3=O)cc2)CC1,55700.0,inactive
CHEMBL1516617,COc1ccc(CCNc2ncnc3cc(OC)c(OC)cc23)cc1OC,14570.0,inactive
CHEMBL1299470,Cc1ccc2[nH]c3c(N4CCN(Cc5ccccc5)CC4)ncnc3c2c1,16160.0,inactive
CHEMBL1329658,O=C(NNC(=O)c1cccc(S(=O)(=O)N2CCc3ccccc32)c1)c1ccccc1,15890.0,inactive
CHEMBL1340469,COc1ccc(-n2c(SCc3cccnc3)nc3c(c2=O)SCC3)cc1OC,55700.0,inactive
CHEMBL1447505,CCOC(=O)N1CCN(C(=O)c2ccc(CSc3ccc(Cl)cc3)cc2)CC1,16480.0,inactive
CHEMBL1986725,CC1C(=O)NN=C1C(=O)N/N=C\C(Br)=C\c1ccccc1,23790.0,inactive
CHEMBL1420733,O=C(CSc1nc(O)c2ccccc2n1)c1ccc(O)cc1O,55700.0,inactive
CHEMBL1487321,COCC(C)NC(=O)CCS(=O)(=O)c1nc(-c2ccc(OC)cc2)cc(C(F)(F)F)n1,55700.0,inactive
CHEMBL1360505,O=C(c1ccc(Cl)cc1)N1CCN(c2ccnc3cc(Cl)ccc23)CC1,22020.0,inactive
CHEMBL1607286,CN1CCN(Cc2nc3ccccc3c(=O)n2Cc2nc(-c3ccc4ccccc4c3)cs2)CC1,49200.0,inactive
CHEMBL1382249,COc1ccc(CCNC(=O)Cn2c(=O)n(-c3ccc(F)cc3)c(=O)c3sccc32)cc1OC,55700.0,inactive
CHEMBL1539189,Cc1ccc(C(=O)Nc2cccc(N(C)S(C)(=O)=O)c2)cc1S(=O)(=O)Nc1ccccc1,55700.0,inactive
CHEMBL1518620,CCOc1cc(-c2noc(N)c2C#N)cc(OCC)c1OCC,55700.0,inactive
CHEMBL1461002,CCn1c(=O)c2cc(C(=O)N3CCCC3)sc2c2ccccc21,55700.0,inactive
CHEMBL1578386,COc1ccc(-c2cc(C(F)(F)F)nc(S(=O)(=O)CCCC(=O)Nc3cc(C)on3)n2)cc1OC,24780.0,inactive
CHEMBL1518821,CCN1C(=O)C(=CNNC(=O)c2ccncc2)C(=O)N(CC)C1=S,55700.0,inactive
CHEMBL1479604,CCOC(=O)N1CCN(C(=O)/C=C/c2c(C)nn(-c3ccc(F)cc3)c2Cl)CC1,37140.0,inactive
CHEMBL1447780,CN1CCN(Cc2nc3ccccc3c(=O)n2Cc2nc(-c3cccc([N+](=O)[O-])c3)cs2)CC1,55700.0,inactive
CHEMBL1568022,Cc1cc(NC(=O)CCCS(=O)(=O)c2nc(-c3cccs3)cc(C(F)(F)F)n2)no1,55700.0,inactive
CHEMBL1492504,CCOC(=O)c1c(C)nc2sc3c(=O)n(-c4ccc(OC)cc4)nnc3c2c1-c1ccc(OC)cc1,55700.0,inactive
CHEMBL1462729,CC1(C)Cc2c(ccc3ccccc23)C2=C(C(=O)N3CCCC3)C(=O)C(=O)N21,55700.0,inactive
CHEMBL1541307,O=C(c1ccc2c(c1)N(Cc1ccccc1)C(=O)c1ccccc1S2)N1CCCC1,55700.0,inactive
CHEMBL1502512,Cc1ccc(-c2csc3ncnc(Sc4nnc(CN5CCCCCC5=O)o4)c23)cc1,12200.0,inactive
CHEMBL1375338,CS(=O)(=O)c1nc(-c2ccc(F)cc2)cc(C(F)(F)F)n1,23770.0,inactive
CHEMBL1304647,Cc1cccc(/C=C(\c2nc3ccccc3[nH]2)S(=O)(=O)c2ccccc2)c1,20310.0,inactive
CHEMBL1424535,CN1CCN(Cc2nc3ccccc3c(=O)n2Cc2nc(-c3ccccc3F)cs2)CC1,55700.0,inactive
CHEMBL1335610,COc1ccccc1-c1cc(C(F)(F)F)nc(S(=O)(=O)CCCC(=O)Nc2cccnc2Cl)n1,34580.0,inactive
CHEMBL1385084,COc1ccccc1CNc1ncnc2cc(Cl)ccc12,55700.0,inactive
CHEMBL1370681,COC(=O)CCS(=O)(=O)c1nc(-c2ccccc2)cc(C(F)(F)F)n1,25510.0,inactive
CHEMBL1606613,COc1ccccc1-c1cc(C(F)(F)F)nc(S(C)(=O)=O)n1,31790.0,inactive
CHEMBL1371761,COC(=O)C1=CN(Cc2ccc(OC)c(OC)c2)C=C(C(=O)OC)C1c1cccs1,55700.0,inactive
CHEMBL1324820,O=c1cc(CSc2nc(O)c3ccccc3n2)c2ccc(O)cc2o1,55700.0,inactive
CHEMBL1465899,COc1ccc(-c2cc(C(F)(F)F)nc(S(=O)(=O)CCCC(=O)Nc3cccnc3Cl)n2)cc1OC,32600.0,inactive
CHEMBL1545160,O=C(c1ccco1)N1CCN(c2ncnc3c2[nH]c2ccc(Br)cc23)CC1,25630.0,inactive
CHEMBL1308733,Cc1ccccc1-c1noc(N)c1C#N,55700.0,inactive
CHEMBL1444667,Cc1cc(=O)n(C(NC(=O)c2ccccc2)C(=O)c2ccccc2)cn1,55700.0,inactive
CHEMBL1444859,CS(=O)(=O)c1nc(-c2ccco2)cc(C(F)(F)F)n1,38050.0,inactive
CHEMBL1574403,O=C(c1ccco1)N1CCN(c2[nH]cnc3c4ccccc4nc2-3)CC1,55700.0,inactive
CHEMBL1574527,Cc1ccc(C2=NN=C(c3ccncc3)c3ccc4ccccc4c3N2)cc1,55700.0,inactive
CHEMBL1389279,COc1ccc(CNc2ncnc3cc(Cl)ccc23)cc1OC,18600.0,inactive
CHEMBL1601512,C#Cc1ccc([C@H]2C=C(C(=O)OCC=C)O[C@@H](OCC)[C@@H]2CCCO)cc1,55700.0,inactive
CHEMBL1328462,COc1ccc(-c2cc(C(F)(F)F)nc(S(=O)(=O)CCCC(=O)Nc3cccc(O)c3)n2)cc1OC,30990.0,inactive
CHEMBL1326850,Cc1ccc(S(=O)(=O)N2CCN(C(C(=O)Nc3ccc(F)cc3)c3ccccc3)CC2)cc1,55700.0,inactive
CHEMBL1429929,CCOC(=O)CCS(=O)(=O)c1nc(-c2ccccc2)cc(C(F)(F)F)n1,24180.0,inactive
CHEMBL3195771,CCOC(=O)C(/C=N/c1cc(C)nn1-c1ccccc1)=C(/O)OCC,55700.0,inactive
CHEMBL1378851,Cn1nnnc1Sc1ncnc2scc(-c3ccc(F)cc3)c12,22560.0,inactive
CHEMBL1352434,CCN(CC)S(=O)(=O)c1ccc(N2CCOCC2)c(NC(=O)c2cc(-c3ccccn3)nc3ccccc23)c1,9733.0,active
CHEMBL1525358,Cc1ccccc1NC(=O)C(=Cc1ccc(C(=O)O)cc1)C(=O)Nc1ccccc1C,55700.0,inactive
CHEMBL1374466,Cc1ccc(-n2nc(C(=O)O)c3ccccc3c2=O)cc1C,55700.0,inactive
CHEMBL1492648,CS(=O)(=O)c1nc(-c2ccccc2)cc(C(F)(F)F)n1,20800.0,inactive
CHEMBL1314042,COc1ccccc1-c1cc(C(F)(F)F)nc(S(=O)(=O)CCCC(=O)N2CCOCC2)n1,30880.0,inactive
CHEMBL1354211,Cn1c(C(=O)N2CCN(c3ccc([N+](=O)[O-])cc3)CC2)cc2c(O)nc3ccccc3c21,28690.0,inactive
CHEMBL1358881,CN(C)C(=O)c1nn(-c2ccc(F)cc2)c(=O)c2ccccc12,55690.0,inactive
CHEMBL1314484,CN1CCN(C(=O)c2ccc(-n3c(=S)[nH]c4ccccc4c3=O)cc2)CC1,55690.0,inactive
CHEMBL1318820,CCOc1ccccc1NC(=O)C(c1ccccc1)N1CCN(S(=O)(=O)c2ccc(F)c(F)c2F)CC1,55690.0,inactive
CHEMBL1358981,NC(=O)c1ccc(S(=O)(=O)N2CCN(C(C(=O)Nc3ccc(F)cc3)c3ccccc3)CC2)cc1,55690.0,inactive
CHEMBL1512463,COc1cc2c(cc1OC)C(=O)N(Cc1coc(-c3ccccc3)n1)C(=CN1CCOCC1)N2,55690.0,inactive
CHEMBL1308253,CCOc1ccc(-c2csc(Cn3c(CN4CCN(C)CC4)nc4ccccc4c3=O)n2)cc1,55688.0,inactive
CHEMBL1433992,N#Cc1ccc(S(=O)(=O)N2CCN(C(C(=O)Nc3ccc(F)cc3)c3ccccc3)CC2)cc1,55690.0,inactive
CHEMBL1514516,O=C(O)c1nn(-c2ccc(F)cc2)c(=O)c2ccccc12,55690.0,inactive
CHEMBL1396735,O=C1c2ccccc2N/C(=C\N2CCOCC2)N1Cc1nc(-c2ccccc2F)cs1,55690.0,inactive
CHEMBL1595957,Cc1ccc(C)c(NC(=O)C(c2ccccc2)N2CCN(S(=O)(=O)c3ccccc3C#N)CC2)c1,55690.0,inactive
CHEMBL1512776,CN1CCN(C=C2Nc3ccccc3C(=O)N2Cc2nc(C34CC5CC(CC(C5)C3)C4)cs2)CC1,55690.0,inactive
CHEMBL1394803,CCOc1ccc2oc(=O)cc(CSc3nc(O)c4ccccc4n3)c2c1,55690.0,inactive
CHEMBL1596671,O=C(c1ccc(-n2c(=S)[nH]c3ccccc3c2=O)cc1)N1CCN(C(=O)c2ccco2)CC1,55690.0,inactive
CHEMBL1371918,CN(C)Cc1nc2ccccc2c(=O)n1Cc1nc(-c2cccc([N+](=O)[O-])c2)cs1,55690.0,inactive
CHEMBL1409647,O=C(Nc1ccc(F)cc1)C(c1ccccc1)N1CCN(S(=O)(=O)c2ccc3ccccc3c2)CC1,55690.0,inactive
CHEMBL1479764,O=c1c2ccccc2nc(CN2CCOCC2)n1Cc1nc(-c2ccc[nH]2)cs1,55690.0,inactive
CHEMBL1434360,CNC(=O)c1nn(-c2ccc(F)cc2)c(=O)c2ccccc12,55690.0,inactive
CHEMBL1355238,COc1cccc(-c2csc(Cn3c(CN4CCOCC4)nc4ccccc4c3=O)n2)c1,55690.0,inactive
CHEMBL1374198,CCC(C(=O)Nc1ccccc1)N1CCN(S(=O)(=O)c2ccc3c(c2)CCC3)CC1,55690.0,inactive
CHEMBL1453184,O=C(Nc1ccc(F)cc1)C(c1ccccc1)N1CCN(S(=O)(=O)c2ccc3c(c2)OCCO3)CC1,55690.0,inactive
CHEMBL1609523,C=C1NN(c2ccc(C(=O)N3CCC(Cc4ccccc4)CC3)cc2)C(=O)c2ccccc21,35323.0,inactive
CHEMBL1374876,Cc1cc2oc(=O)cc(CSc3nc(O)c4ccccc4n3)c2cc1Cl,55690.0,inactive
CHEMBL1395240,N#Cc1ccccc1S(=O)(=O)N1CCN(C(C(=O)Nc2ccc(F)cc2)c2ccccc2)CC1,55690.0,inactive
CHEMBL1317293,CCOC(=O)c1ccc(S(=O)(=O)N2CCN(C(C(=O)Nc3ccc(OC)c(Cl)c3)c3ccccc3)CC2)cc1,55690.0,inactive
CHEMBL1528098,O=C(c1ccc(-n2c(=S)[nH]c3ccccc3c2=O)cc1)N1CCN(C2CCCCC2)CC1,55690.0,inactive
CHEMBL1552162,CCC(C)c1ccc(-c2csc(CN3C(=O)c4ccccc4N/C3=C\N3CCN(C)CC3)n2)cc1,55690.0,inactive
CHEMBL1533545,CC(=O)c1ccc(S(=O)(=O)N2CCN(C(C(=O)Nc3ccc(C)cc3)c3ccccc3)CC2)cc1,55690.0,inactive
CHEMBL1552447,O=C(Nc1ccc(Cl)c(C(F)(F)F)c1)C(c1ccccc1)N1CCN(S(=O)(=O)c2ccccc2)CC1,55690.0,inactive
CHEMBL1397522,CN(Cc1ccccc1N1CCCC1)C(=O)c1nn(-c2ccccc2)c(=O)c2ccccc12,55690.0,inactive
CHEMBL1599377,O=C(c1ccc(-n2c(=S)[nH]c3ccccc3c2=O)cc1)N1CCN(c2ccccc2)CC1,55690.0,inactive
CHEMBL1364479,O=C(c1ccc(-n2c(=S)[nH]c3ccccc3c2=O)cc1)N1CCN(c2ccc(F)cc2)CC1,55690.0,inactive
CHEMBL1353893,CN(C)Cc1nc2ccccc2c(=O)n1Cc1nc(C(C)(C)C)cs1,55690.0,inactive
CHEMBL1522122,O=C(Nc1ccc(F)cc1)C(c1ccccc1)N1CCN(C(=O)c2ccccc2)CC1,55690.0,inactive
CHEMBL1611699,COC(=O)c1nn(-c2ccc(F)cc2)c(=O)c2ccccc12,55690.0,inactive
CHEMBL1416019,Cc1ccc(C)c(S(=O)(=O)N2CCN(C(C(=O)Nc3ccc(F)cc3)c3ccccc3)CC2)c1,55690.0,inactive
CHEMBL1515498,O=C1c2ccccc2N/C(=C\N2CCOCC2)N1Cc1nc(-c2ccc(F)c(F)c2)cs1,18560.0,inactive
CHEMBL1561785,CCOC(=O)Nc1ccc2c(CSc3nc(O)c4ccccc4n3)cc(=O)oc2c1,55690.0,inactive
CHEMBL1515671,O=C(Nc1ccc(F)cc1)C(c1ccccc1)N1CCN(S(=O)(=O)c2ccccc2)CC1,55690.0,inactive
CHEMBL1513873,COc1ccc(C)cc1NC(=O)C(c1ccccc1)N1CCN(S(=O)(=O)c2ccc(F)cc2)CC1,55690.0,inactive
CHEMBL1418002,O=C(OCC1CCCCC1)c1nn(-c2ccccc2)c(=O)c2ccccc12,55690.0,inactive
CHEMBL1356059,Cc1ccc(NC(=O)C(c2ccccc2)N2CCN(S(=O)(=O)c3ccccc3)CC2)cc1,55690.0,inactive
CHEMBL1496634,Cc1ccc(-n2nc(C(=O)O)c3ccccc3c2=O)cc1Cl,55690.0,inactive
CHEMBL1316131,COc1ccc(N2CCN(C(=O)c3ccc(-n4c(=S)[nH]c5ccccc5c4=O)cc3)CC2)cc1,55690.0,inactive
CHEMBL1354334,COc1cccc(NC(=O)C(c2ccccc2)N2CCN(S(=O)(=O)c3ccc(C)cc3)CC2)c1,55690.0,inactive
CHEMBL1435340,Cc1ccc2oc(=O)cc(CSc3nc(-c4ccccc4)c4ccccc4n3)c2c1,55690.0,inactive
CHEMBL1555130,COc1cc2c(cc1OC)C(=O)N(Cc1cc(-c3ccccc3OC)no1)C(=CN1CCOCC1)N2,42286.0,inactive
CHEMBL1591776,CC(C(=O)Nc1ccccc1)N1CCN(S(=O)(=O)c2ccccc2)CC1,55690.0,inactive
CHEMBL1553082,CC(C(=O)Nc1ccc(F)c(F)c1)N1CCN(S(=O)(=O)c2ccc(C(F)(F)F)cc2)CC1,18563.0,inactive
CHEMBL1433688,COc1cc2c(cc1OC)C(=O)N(Cc1nnc(-c3ccc(Cl)cc3)o1)C(=CN1CCOCC1)N2,55690.0,inactive
CHEMBL1231124,Cc1cc(Nc2nc(N[C@@H](C)c3ncc(F)cn3)ncc2Cl)[nH]n1,80.0,active
CHEMBL1687979,O=C(Nc1nnc(-c2ccco2)o1)c1cc(-c2ccccc2)nc2ccccc12,74000.0,inactive
CHEMBL1687978,O=C(Nc1nnc(-c2ccco2)o1)c1cc(-c2cccc3ccccc23)nc2ccccc12,55000.0,inactive
CHEMBL1687977,O=C(Nc1nnc(-c2ccco2)o1)c1cc(-c2ccco2)nc2ccccc12,66000.0,inactive
CHEMBL1687976,O=C(Nc1nnc(-c2ccco2)o1)c1cc(-c2cccs2)nc2ccccc12,63000.0,inactive
CHEMBL1687969,O=C(Nc1nnc(-c2ccccc2)o1)c1cc(-c2ccccc2)nc2ccccc12,66000.0,inactive
CHEMBL1687967,O=C(Nc1nnc(-c2ccc(Cl)cc2)o1)c1cc(-c2ccccc2)nc2ccccc12,61000.0,inactive
CHEMBL1687966,O=C(Nc1nnc(Cc2ccccc2)o1)c1cc(-c2ccccc2)nc2ccccc12,75000.0,inactive
CHEMBL1687965,O=C(Nc1nnc(-c2ccoc2)o1)c1cc(-c2ccccc2)nc2ccccc12,72000.0,inactive
CHEMBL1562195,O=C(Nc1nnc(-c2cccs2)o1)c1cc(-c2ccccc2)nc2ccccc12,75000.0,inactive
CHEMBL1448,O=C(Nc1ccc([N+](=O)[O-])cc1Cl)c1cc(Cl)ccc1O,250.0,active
CHEMBL1699750,Fc1ccc(CC2CCN(c3ncnc4sccc34)CC2)cc1,2535.0,active
CHEMBL1702136,c1ccc(CC2CCN(c3ncnc4scc(-c5cccs5)c34)CC2)cc1,16742.0,inactive
CHEMBL1736997,c1ccc(CC2CCN(c3ncnc4scc(-c5ccccc5)c34)CC2)cc1,55690.0,inactive
CHEMBL1736334,c1ccc(CC2CCN(c3nc(CN4CCOCC4)nc4sc5c(c34)CCCC5)CC2)cc1,55690.0,inactive
CHEMBL1709686,c1ccc(CC2CCN(c3ncnc4sc5c(c34)CCC5)CC2)cc1,20026.0,inactive
CHEMBL1711489,Cc1nc(N2CCC(C(O)c3ccccc3)CC2)c2c3c(sc2n1)CCCC3,55690.0,inactive
CHEMBL1726793,OC(c1ccccc1)C1CCN(c2ncnc3sccc23)CC1,1837.0,active
CHEMBL1720750,Cc1sc2ncnc(N3CCC(C(=O)c4ccccc4)CC3)c2c1C,5212.0,active
CHEMBL1729867,O=C(c1ccc(F)cc1)C1CCN(c2ncnc3sccc23)CC1,1683.0,active
CHEMBL1723042,COC(=O)c1cc2c(N3CCC(Cc4ccccc4)CC3)ncnc2s1,18560.0,inactive
CHEMBL1707572,COc1ccc(CN2CCN(c3ncnc4sc5c(c34)CCCCC5)CC2)cc1,18560.0,inactive
CHEMBL1714020,O=C(c1ccccc1)C1CCN(c2ncnc3sc4c(c23)CCCC4)CC1,18563.0,inactive
CHEMBL1700610,O=C(c1ccc(Cl)cc1)C1CCN(c2ncnc3sccc23)CC1,837.0,active
CHEMBL1699205,Cc1sc2ncnc(N3CCC(Cc4ccccc4)CC3)c2c1C,18560.0,inactive
CHEMBL1707761,c1ccc(CC2CCN(c3ncnc4sc(-c5ccccc5)cc34)CC2)cc1,55690.0,inactive
CHEMBL1720343,O=C(c1ccccc1)C1CCN(c2ncnc3sccc23)CC1,687.51,active
CHEMBL1445964,NNC(=O)c1cc2c(N3CCC(Cc4ccccc4)CC3)ncnc2s1,13716.0,inactive
CHEMBL1711955,c1ccc(Cc2nc(N3CCC(Cc4ccccc4)CC3)c3c4c(sc3n2)CCCC4)cc1,55690.0,inactive
CHEMBL1712106,c1ccc(CC2CCN(c3ncnc4sc5c(c34)CCCC5)CC2)cc1,55690.0,inactive
CHEMBL1096927,CC(C)=CCC[C@](C)(O)[C@@H]1CC=C(C)CC1,73000.0,inactive
CHEMBL2023564,CC(C)=CCC[C@](C)(O[C@@H]1O[C@H](C)[C@H](O)[C@H](O)[C@H]1O)[C@@H]1CC=C(C)CC1,6300.0,active
CHEMBL2023565,CC(C)=CCC[C@](C)(O[C@@H]1O[C@H](C)[C@H](O)[C@H](OC(=O)C=C(C)C)[C@H]1O)[C@@H]1CC=C(C)CC1,110000.0,inactive
CHEMBL187460,C[C@H]1COC2=C1C(=O)C(=O)c1c2ccc2c1CCCC2(C)C,4600.0,active
CHEMBL2031566,O=C(O)CSc1cc(NS(=O)(=O)c2ccc(C(=O)O)cc2)c2ccccc2c1O,73000.0,inactive
CHEMBL2172009,CCN1C(=O)C(=Cc2ccc(-c3cc(C(=O)O)ccc3Cl)o2)C(=O)N(CC)C1=S,60000.0,inactive
CHEMBL2172008,CCN1C(=O)/C(=C/c2ccc(-c3ccc(C(=O)O)cc3)o2)SC1=S,18000.0,inactive
CHEMBL2171900,COC(=O)Cc1c(C)c2ccc(OCc3ccc(C(=O)OC)cc3)c(C)c2oc1=O,63000.0,inactive
CHEMBL2171899,CCOc1cc(C=C2C(=O)c3ccccc3C2=O)cc(Cl)c1OCc1cccc(C(=O)O)c1,144000.0,inactive
CHEMBL2171898,O=C(O)c1ccc(/C=C/C(=O)c2ccc3c(c2)OCCO3)cc1,91000.0,inactive
CHEMBL207155,C1=Cc2nc1cc1ccc([nH]1)c(-c1ccccc1)c1nc(cc3ccc([nH]3)c2-c2ccccc2)C=C1,280.0,active
CHEMBL1337170,O=[N+]([O-])c1ccc2c(c1)S(=O)(=O)C=C2,5100.0,active
CHEMBL2337241,CCCC(C)Oc1ccc(C(=O)Nc2ccc3nc(SCC(=O)N[C@@H](C)c4ccccc4)sc3c2)cc1,1600.0,active
CHEMBL2337247,CCC(Sc1nc2ccc(NC(=O)c3ccc(OC)cc3)cc2s1)C(=O)Nc1ccc(Br)cc1,3567.0,active
CHEMBL140,COc1cc(/C=C/C(=O)CC(=O)/C=C/c2ccc(O)c(OC)c2)ccc1O,19250.0,inactive
CHEMBL1626156,OCCNCc1cc(Br)ccc1OCc1ccc(Cl)cc1,59910.0,inactive
CHEMBL2347241,NS(=O)(=O)c1ccc(NCc2cc(Cl)ccc2OCc2ccccc2)cc1,24320.0,inactive
CHEMBL2347240,Oc1ccc(NCc2cc(Cl)ccc2OCc2ccc(Cl)cc2)cc1,26680.0,inactive
CHEMBL2367507,CC(C)C[C@H](NC(=O)[C@H](Cc1ccc(O)cc1)NC(=O)[C@H]1CCCN1C(=O)CN)C(=O)N1CCC[C@H]1C(=O)N[C@@H](CCC(N)=O)C(=O)N[C@H](C(=O)N[C@H](C(N)=O)C(C)C)[C@H](C)O,300.0,active
CHEMBL2431938,COC(=O)c1cccc(CN(CC(=O)N(Cc2ccc(C3CCCCC3)cc2)c2ccc(C(=O)O)c(O)c2)S(=O)(=O)c2c(F)c(F)c(F)c(F)c2F)c1,30800.0,inactive
CHEMBL2431937,COC(=O)c1ccccc1CN(CC(=O)N(Cc1ccc(C2CCCCC2)cc1)c1ccc(C(=O)O)c(O)c1)S(=O)(=O)c1c(F)c(F)c(F)c(F)c1F,17400.0,inactive
CHEMBL2431936,O=C(O)c1ccc(N(Cc2ccc(C3CCCCC3)cc2)C(=O)CN(Cc2ccc3ccccc3c2)S(=O)(=O)c2c(F)c(F)c(F)c(F)c2F)cc1O,21800.0,inactive
CHEMBL2431935,O=C(O)c1ccc(N(Cc2ccc(C3CCCCC3)cc2)C(=O)CN(Cc2c(F)c(F)c(F)c(F)c2F)S(=O)(=O)c2c(F)c(F)c(F)c(F)c2F)cc1O,11000.0,inactive
CHEMBL2431934,O=C(O)c1ccc(N(Cc2ccc(C3CCCCC3)cc2)C(=O)CN(Cc2c(F)c(F)cc(F)c2F)S(=O)(=O)c2c(F)c(F)c(F)c(F)c2F)cc1O,16600.0,inactive
CHEMBL2431933,O=C(O)c1ccc(N(Cc2ccc(C3CCCCC3)cc2)C(=O)CN(Cc2c(F)cc(F)c(F)c2F)S(=O)(=O)c2c(F)c(F)c(F)c(F)c2F)cc1O,17600.0,inactive
CHEMBL2431932,O=C(O)c1ccc(N(Cc2ccc(C3CCCCC3)cc2)C(=O)CN(Cc2cc(F)c(F)c(F)c2F)S(=O)(=O)c2c(F)c(F)c(F)c(F)c2F)cc1O,12400.0,inactive
CHEMBL2431931,N#Cc1ccc(CN(CC(=O)N(Cc2ccc(C3CCCCC3)cc2)c2ccc(C(=O)O)c(O)c2)S(=O)(=O)c2c(F)c(F)c(F)c(F)c2F)cc1,9400.0,active
CHEMBL2431930,N#Cc1cccc(CN(CC(=O)N(Cc2ccc(C3CCCCC3)cc2)c2ccc(C(=O)O)c(O)c2)S(=O)(=O)c2c(F)c(F)c(F)c(F)c2F)c1,19800.0,inactive
CHEMBL2431929,N#Cc1ccccc1CN(CC(=O)N(Cc1ccc(C2CCCCC2)cc1)c1ccc(C(=O)O)c(O)c1)S(=O)(=O)c1c(F)c(F)c(F)c(F)c1F,11400.0,inactive
CHEMBL2431928,O=C(O)c1ccc(N(Cc2ccc(C3CCCCC3)cc2)C(=O)CN(Cc2ccc(OC(F)(F)F)cc2)S(=O)(=O)c2c(F)c(F)c(F)c(F)c2F)cc1O,21600.0,inactive
CHEMBL2431927,O=C(O)c1ccc(N(Cc2ccc(C3CCCCC3)cc2)C(=O)CN(Cc2cccc(OC(F)(F)F)c2)S(=O)(=O)c2c(F)c(F)c(F)c(F)c2F)cc1O,17800.0,inactive
CHEMBL2431926,O=C(O)c1ccc(N(Cc2ccc(C3CCCCC3)cc2)C(=O)CN(Cc2ccccc2OC(F)(F)F)S(=O)(=O)c2c(F)c(F)c(F)c(F)c2F)cc1O,10200.0,inactive
CHEMBL2431925,O=C(O)c1ccc(N(Cc2ccc(C3CCCCC3)cc2)C(=O)CN(Cc2ccc(Cl)cc2)S(=O)(=O)c2c(F)c(F)c(F)c(F)c2F)cc1O,13800.0,inactive
CHEMBL2431924,O=C(O)c1ccc(N(Cc2ccc(C3CCCCC3)cc2)C(=O)CN(Cc2cccc(Cl)c2)S(=O)(=O)c2c(F)c(F)c(F)c(F)c2F)cc1O,18200.0,inactive
CHEMBL2431923,O=C(O)c1ccc(N(Cc2ccc(C3CCCCC3)cc2)C(=O)CN(Cc2ccccc2Cl)S(=O)(=O)c2c(F)c(F)c(F)c(F)c2F)cc1O,11000.0,inactive
CHEMBL2431922,O=C(O)c1ccc(N(Cc2ccc(C3CCCCC3)cc2)C(=O)CN(Cc2ccc(F)cc2)S(=O)(=O)c2c(F)c(F)c(F)c(F)c2F)cc1O,17600.0,inactive
CHEMBL2431959,O=C(O)c1ccc(N(Cc2ccc(C3CCCCC3)cc2)C(=O)CN(Cc2cccc(F)c2)S(=O)(=O)c2c(F)c(F)c(F)c(F)c2F)cc1O,17800.0,inactive
CHEMBL2431958,O=C(O)c1ccc(N(Cc2ccc(C3CCCCC3)cc2)C(=O)CN(Cc2ccccc2F)S(=O)(=O)c2c(F)c(F)c(F)c(F)c2F)cc1O,28000.0,inactive
CHEMBL2431957,O=C(O)c1ccc(N(Cc2ccc(C3CCCCC3)cc2)C(=O)CN(Cc2ccc(C(F)(F)F)cc2)S(=O)(=O)c2c(F)c(F)c(F)c(F)c2F)cc1O,22000.0,inactive
CHEMBL2431956,O=C(O)c1ccc(N(Cc2ccc(C3CCCCC3)cc2)C(=O)CN(Cc2cccc(C(F)(F)F)c2)S(=O)(=O)c2c(F)c(F)c(F)c(F)c2F)cc1O,9600.0,active
CHEMBL2431955,O=C(O)c1ccc(N(Cc2ccc(C3CCCCC3)cc2)C(=O)CN(Cc2ccccc2C(F)(F)F)S(=O)(=O)c2c(F)c(F)c(F)c(F)c2F)cc1O,12800.0,inactive
CHEMBL2431954,Cc1ccc(CN(CC(=O)N(Cc2ccc(C3CCCCC3)cc2)c2ccc(C(=O)O)c(O)c2)S(=O)(=O)c2c(F)c(F)c(F)c(F)c2F)cc1,14400.0,inactive
CHEMBL2431953,Cc1cccc(CN(CC(=O)N(Cc2ccc(C3CCCCC3)cc2)c2ccc(C(=O)O)c(O)c2)S(=O)(=O)c2c(F)c(F)c(F)c(F)c2F)c1,14600.0,inactive
CHEMBL2431952,Cc1ccccc1CN(CC(=O)N(Cc1ccc(C2CCCCC2)cc1)c1ccc(C(=O)O)c(O)c1)S(=O)(=O)c1c(F)c(F)c(F)c(F)c1F,11800.0,inactive
CHEMBL2431951,O=C(O)c1ccc(N(Cc2ccc(C3CCCCC3)cc2)C(=O)CN(Cc2ccccc2)S(=O)(=O)c2c(F)c(F)c(F)c(F)c2F)cc1O,14400.0,inactive
CHEMBL2431950,CC(C)(C)OC(=O)N(CC(=O)N(Cc1ccc(C2CCCCC2)cc1)c1ccc(C(=O)O)c(O)c1)S(=O)(=O)c1c(F)c(F)c(F)c(F)c1F,27400.0,inactive
CHEMBL2431949,CCCN(CC(=O)N(Cc1ccc(C2CCCCC2)cc1)c1ccc(C(=O)O)c(O)c1)S(=O)(=O)c1c(F)c(F)c(F)c(F)c1F,20600.0,inactive
CHEMBL2431948,O=C(O)c1ccc(N(Cc2ccc(C3CCCCC3)cc2)C(=O)CNS(=O)(=O)c2c(F)c(F)c(F)c(F)c2F)cc1O,32400.0,inactive
CHEMBL2431947,COC(=O)c1ccc(CN(CC(=O)N(Cc2ccc(C3CCCCC3)cc2)c2ccc(C(=O)O)c(O)c2)S(=O)(=O)c2ccc(C)cc2)cc1,11600.0,inactive
CHEMBL2431946,COC(=O)c1cccc(CN(CC(=O)N(Cc2ccc(C3CCCCC3)cc2)c2ccc(C(=O)O)c(O)c2)S(=O)(=O)c2ccc(C)cc2)c1,18400.0,inactive
CHEMBL2431945,CCOC(=O)c1ccc(CN(CC(=O)N(Cc2ccc(C3CCCCC3)cc2)c2ccc(C(=O)O)c(O)c2)S(=O)(=O)c2ccc(C)cc2)cc1,7600.0,active
CHEMBL2431944,Cc1ccc(S(=O)(=O)N(CC(=O)N(Cc2ccc(C3CCCCC3)cc2)c2ccc(C(=O)O)c(O)c2)Cc2ccc(SC(F)(F)F)cc2)cc1,9600.0,active
CHEMBL2431943,Cc1ccc(S(=O)(=O)N(CC(=O)N(Cc2ccc(C3CCCCC3)cc2)c2ccc(C(=O)O)c(O)c2)Cc2ccc(F)cc2C(F)(F)F)cc1,11000.0,inactive
CHEMBL2431942,Cc1ccc(S(=O)(=O)N(CC(=O)N(Cc2ccc(C3CCCCC3)cc2)c2ccc(C(=O)O)c(O)c2)Cc2ccc3ccccc3c2)cc1,5000.0,active
CHEMBL2431941,Cc1ccc(S(=O)(=O)N(CC(=O)N(Cc2ccc(C3CCCCC3)cc2)c2ccc(C(=O)O)c(O)c2)Cc2c(F)c(F)c(F)c(F)c2F)cc1,8100.0,active
CHEMBL2431940,Cc1ccc(S(=O)(=O)N(CC(=O)N(Cc2ccc(C3CCCCC3)cc2)c2ccc(C(=O)O)c(O)c2)Cc2c(F)c(F)cc(F)c2F)cc1,22800.0,inactive
CHEMBL2431939,Cc1ccc(S(=O)(=O)N(CC(=O)N(Cc2ccc(C3CCCCC3)cc2)c2ccc(C(=O)O)c(O)c2)Cc2c(F)cc(F)c(F)c2F)cc1,15400.0,inactive
CHEMBL2429889,Cc1ccc(S(=O)(=O)N(CC(=O)N(Cc2ccc(C3CCCCC3)cc2)c2ccc(C(=O)O)c(O)c2)Cc2cc(F)c(F)c(F)c2F)cc1,22200.0,inactive
CHEMBL2431980,Cc1ccc(S(=O)(=O)N(CC(=O)N(Cc2ccc(C3CCCCC3)cc2)c2ccc(C(=O)O)c(O)c2)Cc2ccc(C#N)cc2)cc1,8600.0,active
CHEMBL2431979,Cc1ccc(S(=O)(=O)N(CC(=O)N(Cc2ccc(C3CCCCC3)cc2)c2ccc(C(=O)O)c(O)c2)Cc2cccc(C#N)c2)cc1,12400.0,inactive
CHEMBL2431978,Cc1ccc(S(=O)(=O)N(CC(=O)N(Cc2ccc(C3CCCCC3)cc2)c2ccc(C(=O)O)c(O)c2)Cc2ccccc2C#N)cc1,22600.0,inactive
CHEMBL2431977,Cc1ccc(S(=O)(=O)N(CC(=O)N(Cc2ccc(C3CCCCC3)cc2)c2ccc(C(=O)O)c(O)c2)Cc2ccncc2)cc1,46600.0,inactive
CHEMBL2431975,Cc1ccc(S(=O)(=O)N(CC(=O)N(Cc2ccc(C3CCCCC3)cc2)c2ccc(C(=O)O)c(O)c2)Cc2ccccn2)cc1,45200.0,inactive
CHEMBL2431974,Cc1ccc(S(=O)(=O)N(CC(=O)N(Cc2ccc(C3CCCCC3)cc2)c2ccc(C(=O)O)c(O)c2)Cc2ccc(N)cc2)cc1,20800.0,inactive
CHEMBL2431973,Cc1ccc(S(=O)(=O)N(CC(=O)N(Cc2ccc(C3CCCCC3)cc2)c2ccc(C(=O)O)c(O)c2)Cc2cccc(N)c2)cc1,12400.0,inactive
CHEMBL2431972,Cc1ccc(S(=O)(=O)N(CC(=O)N(Cc2ccc(C3CCCCC3)cc2)c2ccc(C(=O)O)c(O)c2)Cc2ccccc2N)cc1,24000.0,inactive
CHEMBL2431971,Cc1ccc(S(=O)(=O)N(CC(=O)N(Cc2ccc(C3CCCCC3)cc2)c2ccc(C(=O)O)c(O)c2)Cc2ccc([N+](=O)[O-])cc2)cc1,11000.0,inactive
CHEMBL2431970,Cc1ccc(S(=O)(=O)N(CC(=O)N(Cc2ccc(C3CCCCC3)cc2)c2ccc(C(=O)O)c(O)c2)Cc2cccc([N+](=O)[O-])c2)cc1,5000.0,active
CHEMBL2431969,Cc1ccc(S(=O)(=O)N(CC(=O)N(Cc2ccc(C3CCCCC3)cc2)c2ccc(C(=O)O)c(O)c2)Cc2ccccc2[N+](=O)[O-])cc1,10000.0,inactive
CHEMBL2431968,Cc1ccc(S(=O)(=O)N(CC(=O)N(Cc2ccc(C3CCCCC3)cc2)c2ccc(C(=O)O)c(O)c2)Cc2ccc(OC(F)(F)F)cc2)cc1,11800.0,inactive
CHEMBL2431967,Cc1ccc(S(=O)(=O)N(CC(=O)N(Cc2ccc(C3CCCCC3)cc2)c2ccc(C(=O)O)c(O)c2)Cc2cccc(OC(F)(F)F)c2)cc1,8000.0,active
CHEMBL2431966,Cc1ccc(S(=O)(=O)N(CC(=O)N(Cc2ccc(C3CCCCC3)cc2)c2ccc(C(=O)O)c(O)c2)Cc2ccccc2OC(F)(F)F)cc1,7200.0,active
CHEMBL2431965,Cc1ccc(S(=O)(=O)N(CC(=O)N(Cc2ccc(C3CCCCC3)cc2)c2ccc(C(=O)O)c(O)c2)Cc2ccc(Cl)cc2)cc1,6200.0,active
CHEMBL2431964,Cc1ccc(S(=O)(=O)N(CC(=O)N(Cc2ccc(C3CCCCC3)cc2)c2ccc(C(=O)O)c(O)c2)Cc2cccc(Cl)c2)cc1,6000.0,active
CHEMBL2431963,Cc1ccc(S(=O)(=O)N(CC(=O)N(Cc2ccc(C3CCCCC3)cc2)c2ccc(C(=O)O)c(O)c2)Cc2ccccc2Cl)cc1,15800.0,inactive
CHEMBL2431962,Cc1ccc(S(=O)(=O)N(CC(=O)N(Cc2ccc(C3CCCCC3)cc2)c2ccc(C(=O)O)c(O)c2)Cc2ccc(F)cc2)cc1,7600.0,active
CHEMBL2431961,Cc1ccc(S(=O)(=O)N(CC(=O)N(Cc2ccc(C3CCCCC3)cc2)c2ccc(C(=O)O)c(O)c2)Cc2cccc(F)c2)cc1,9000.0,active
CHEMBL2431960,Cc1ccc(S(=O)(=O)N(CC(=O)N(Cc2ccc(C3CCCCC3)cc2)c2ccc(C(=O)O)c(O)c2)Cc2ccccc2F)cc1,10600.0,inactive
CHEMBL2431995,Cc1ccc(S(=O)(=O)N(CC(=O)N(Cc2ccc(C3CCCCC3)cc2)c2ccc(C(=O)O)c(O)c2)Cc2ccc(C(F)(F)F)cc2)cc1,9200.0,active
CHEMBL2431994,Cc1ccc(S(=O)(=O)N(CC(=O)N(Cc2ccc(C3CCCCC3)cc2)c2ccc(C(=O)O)c(O)c2)Cc2cccc(C(F)(F)F)c2)cc1,10200.0,inactive
CHEMBL2431993,Cc1ccc(S(=O)(=O)N(CC(=O)N(Cc2ccc(C3CCCCC3)cc2)c2ccc(C(=O)O)c(O)c2)Cc2ccccc2C(F)(F)F)cc1,2800.0,active
CHEMBL2431991,Cc1ccc(S(=O)(=O)N(CC(=O)N(Cc2ccc(C3CCCCC3)cc2)c2ccc(C(=O)O)c(O)c2)Cc2cccc(C)c2)cc1,5200.0,active
CHEMBL2431990,Cc1ccc(S(=O)(=O)N(CC(=O)N(Cc2ccc(C3CCCCC3)cc2)c2ccc(C(=O)O)c(O)c2)Cc2ccccc2C)cc1,8800.0,active
CHEMBL2431989,Cc1ccc(S(=O)(=O)N(CC(=O)N(Cc2ccc(C3CCCCC3)cc2)c2ccc(C(=O)O)c(O)c2)Cc2ccccc2)cc1,14400.0,inactive
CHEMBL2431986,Cc1ccc(S(=O)(=O)N(CC(=O)N(Cc2ccc(C3CCCCC3)cc2)c2ccc(C(=O)O)c(O)c2)CC(C)C)cc1,17000.0,inactive
CHEMBL2431985,CCCN(CC(=O)N(Cc1ccc(C2CCCCC2)cc1)c1ccc(C(=O)O)c(O)c1)S(=O)(=O)c1ccc(C)cc1,17800.0,inactive
CHEMBL1829876,CN(CC(=O)N(Cc1ccc(C2CCCCC2)cc1)c1ccc(C(=O)O)c(O)c1)S(=O)(=O)c1c(F)c(F)c(F)c(F)c1F,25600.0,inactive
CHEMBL2023989,Cc1ccc(S(=O)(=O)N(CC(=O)N(Cc2ccc(C3CCCCC3)cc2)c2ccc(C(=O)O)c(O)c2)C(=O)OC(C)(C)C)cc1,15800.0,inactive
CHEMBL1829786,Cc1ccc(S(=O)(=O)N(C)CC(=O)N(Cc2ccc(C3CCCCC3)cc2)c2ccc(C(=O)O)c(O)c2)cc1,31000.0,inactive
CHEMBL2431984,Cc1ccc(S(=O)(=O)NCC(=O)N(Cc2ccc(C3CCCCC3)cc2)c2ccc(C(=O)O)c(O)c2)cc1,95000.0,inactive
CHEMBL2172013,Cc1ccc(S(=O)(=O)OCC(=O)N(Cc2ccc(C3CCCCC3)cc2)c2ccc(C(=O)O)c(O)c2)cc1,43000.0,inactive
CHEMBL477936,Cc1ccc(S(=O)(=O)OCC(=O)Nc2ccc(C(=O)O)c(O)c2)cc1,84000.0,inactive
CHEMBL2431976,Cc1ccc(S(=O)(=O)N(CC(=O)N(Cc2ccc(C3CCCCC3)cc2)c2ccc(C(=O)O)c(O)c2)Cc2cccnc2)cc1,50000.0,inactive
CHEMBL2431992,Cc1ccc(CN(CC(=O)N(Cc2ccc(C3CCCCC3)cc2)c2ccc(C(=O)O)c(O)c2)S(=O)(=O)c2ccc(C)cc2)cc1,50000.0,inactive
CHEMBL2431988,Cc1ccc(S(=O)(=O)N(CC(N)=O)CC(=O)N(Cc2ccc(C3CCCCC3)cc2)c2ccc(C(=O)O)c(O)c2)cc1,50000.0,inactive
CHEMBL2431987,C=CCN(CC(=O)N(Cc1ccc(C2CCCCC2)cc1)c1ccc(C(=O)O)c(O)c1)S(=O)(=O)c1ccc(C)cc1,50000.0,inactive
CHEMBL2431983,Cc1ccc(S(=O)(=O)N(CC(=O)Nc2ccc(C(=O)O)c(O)c2)C(=O)OC(C)(C)C)cc1,300000.0,inactive
CHEMBL2431982,Cc1ccc(S(=O)(=O)N(C)CC(=O)Nc2ccc(C(=O)O)c(O)c2)cc1,300000.0,inactive
CHEMBL2431981,Cc1ccc(S(=O)(=O)NCC(=O)Nc2ccc(C(=O)O)c(O)c2)cc1,300000.0,inactive
CHEMBL3126485,CN(C)CCCN1C(=O)c2ccc3c4ccc5c6c(ccc(c7ccc(c2c37)C1=O)c64)C(=O)N(CCCN(C)C)C5=O,4500.0,active
CHEMBL3133461,CCCCCCCc1ccc(CN(C(=O)c2cccc(OC)c2)c2ccc(O)c(C(=O)O)c2)cc1,33300.0,inactive
CHEMBL3133460,CCCCCCCc1ccc(CN(C(=O)c2ccccc2)c2ccc(O)c(C(=O)O)c2)cc1,32000.0,inactive
CHEMBL3133459,O=C(O)c1cc(N(Cc2ccc(C3CCCCC3)cc2)C(=O)c2ccc(Oc3ccccc3)cc2)ccc1O,15000.0,inactive
CHEMBL3133458,CCCCCCCc1ccc(CN(C(=O)c2ccc(Oc3ccccc3)cc2)c2ccc(O)c(C(=O)O)c2)cc1,12800.0,inactive
CHEMBL3133457,O=C(O)c1cc(N(Cc2ccc(Br)cc2)C(=O)c2ccc(Oc3ccccc3)cc2)ccc1O,52000.0,inactive
CHEMBL3133456,O=C(O)c1cc(N(Cc2ccc(Cl)cc2)C(=O)c2ccc(Oc3ccccc3)cc2)ccc1O,48000.0,inactive
CHEMBL3133454,COc1ccc(CN(C(=O)c2ccc(Oc3ccccc3)cc2)c2ccc(O)c(C(=O)O)c2)cc1,118100.0,inactive
CHEMBL3133476,O=C(c1ccc(Oc2ccccc2)cc1)N(Cc1ccc(C2CCCCC2)cc1)c1cccc(CP(=O)(O)O)c1,18900.0,inactive
CHEMBL3133475,O=C(c1ccc(Oc2ccccc2)cc1)N(Cc1ccc(C2CCCCC2)cc1)c1ccc(CP(=O)(O)O)cc1,28400.0,inactive
CHEMBL3133473,O=C(c1ccc(Oc2ccccc2)cc1)N(Cc1ccc(C2CCCCC2)cc1)c1ccc(P(=O)(O)O)cc1,42000.0,inactive
CHEMBL3133482,O=C(O)c1cc(N(Cc2ccc(Cl)cc2)C(=O)CN(Cc2ccccc2)S(=O)(=O)c2ccc(-c3ccccc3)cc2)ccc1O,15000.0,inactive
CHEMBL3133481,Cc1ccc(S(=O)(=O)N(CC(=O)N(Cc2ccc(Cl)cc2)c2ccc(O)c(C(=O)O)c2)Cc2ccccc2)cc1,50000.0,inactive
CHEMBL3133495,Cc1ccc(S(=O)(=O)N(CC(=O)N(Cc2ccccc2)c2ccc(O)c(C(=O)O)c2)Cc2ccccc2)cc1,201300.0,inactive
CHEMBL3133496,O=C(O)c1cc(N(Cc2ccccc2)C(=O)CN(Cc2ccccc2)S(=O)(=O)c2ccc(-c3ccccc3)cc2)ccc1O,22200.0,inactive
CHEMBL3133485,CCCCCCCc1ccc(CN(C(=O)CN(Cc2ccccc2)S(=O)(=O)c2ccc(-c3ccccc3)cc2)c2ccc(O)c(C(=O)O)c2)cc1,19000.0,inactive
CHEMBL3133483,COc1ccc(CN(C(=O)CN(Cc2ccccc2)S(=O)(=O)c2ccc(-c3ccccc3)cc2)c2ccc(O)c(C(=O)O)c2)cc1,22000.0,inactive
CHEMBL3133484,O=C(O)c1cc(N(Cc2ccc(C3CCCCC3)cc2)C(=O)CN(Cc2ccccc2)S(=O)(=O)c2ccc(-c3ccccc3)cc2)ccc1O,23300.0,inactive
CHEMBL3133486,CC(C)Cc1ccc(CN(C(=O)CN(Cc2ccccc2)S(=O)(=O)c2ccc(-c3ccccc3)cc2)c2ccc(O)c(C(=O)O)c2)cc1,17000.0,inactive
CHEMBL3133487,Cc1ccc(S(=O)(=O)N(C)CC(=O)N(Cc2ccccc2)c2ccc(O)c(C(=O)O)c2)cc1,1000000.0,inactive
CHEMBL3133494,CN(CC(=O)N(Cc1ccc(Cl)cc1)c1ccc(O)c(C(=O)O)c1)S(=O)(=O)c1ccc(-c2ccc(Cl)cc2)cc1,43000.0,inactive
CHEMBL3133467,CCCCCCCc1ccc(CN(C(=O)CN(C)S(=O)(=O)c2ccc(-c3ccc(F)cc3)cc2)c2ccc(O)c(C(=O)O)c2)cc1,23000.0,inactive
CHEMBL3133466,COc1ccc(CN(C(=O)CN(C)S(=O)(=O)c2ccc(-c3ccc(Cl)cc3)cc2)c2ccc(O)c(C(=O)O)c2)cc1,50000.0,inactive
CHEMBL3133469,O=C(O)c1cc(N(Cc2cccc(-c3ccncc3)c2)C(=O)CN(Cc2ccccc2)S(=O)(=O)c2ccc(-c3ccccc3)cc2)ccc1O,33500.0,inactive
CHEMBL3133470,O=C(O)c1cc(N(Cc2ccc(N3CCOCC3)cc2)C(=O)CN(Cc2ccccc2)S(=O)(=O)c2ccc(-c3ccccc3)cc2)ccc1O,94700.0,inactive
CHEMBL3133472,CN(CC(=O)N(Cc1cccc(-c2ccncc2)c1)c1ccc(O)c(C(=O)O)c1)S(=O)(=O)c1ccc(-c2ccccc2)cc1,35300.0,inactive
CHEMBL3133489,CN(CC(=O)N(Cc1ccc(Cl)cc1)c1ccc(O)c(C(=O)O)c1)S(=O)(=O)c1ccc(-c2ccccc2)cc1,61000.0,inactive
CHEMBL3133488,CN(CC(=O)N(Cc1ccccc1)c1ccc(O)c(C(=O)O)c1)S(=O)(=O)c1ccc(-c2ccccc2)cc1,57000.0,inactive
CHEMBL3133491,CN(CC(=O)N(Cc1ccc(C2CCCCC2)cc1)c1ccc(O)c(C(=O)O)c1)S(=O)(=O)c1ccc(-c2ccccc2)cc1,32000.0,inactive
CHEMBL3133492,CCCCCCCc1ccc(CN(C(=O)CN(C)S(=O)(=O)c2ccc(-c3ccccc3)cc2)c2ccc(O)c(C(=O)O)c2)cc1,22000.0,inactive
CHEMBL3133493,CC(C)Cc1ccc(CN(C(=O)CN(C)S(=O)(=O)c2ccc(-c3ccc(Cl)cc3)cc2)c2ccc(O)c(C(=O)O)c2)cc1,20000.0,inactive
CHEMBL3133468,O=C(O)c1cc(N(Cc2ccc(C3CCNCC3)cc2)C(=O)CN(Cc2ccccc2)S(=O)(=O)c2ccc(-c3ccccc3)cc2)ccc1O,300000.0,inactive
CHEMBL3133490,Cc1ccc(S(=O)(=O)N(C)CC(=O)N(Cc2ccc(C3CCCCC3)cc2)c2ccc(O)c(C(=O)O)c2)cc1,45000.0,inactive
CHEMBL3220127,O=C(Nc1ccc(C(F)(F)F)cc1)Nc1nonc1-c1ccc(Cl)cc1,2500.0,active
CHEMBL1241908,O=C(N/N=C/c1coc2ccccc2c1=O)c1cccnc1,180000.0,inactive
CHEMBL3218348,O=C(Nc1nonc1-c1ccc(Cl)cc1)c1ccc(C(F)(F)F)cc1,17700.0,inactive
CHEMBL128729,COc1cc(/C=C/C(=O)/C=C/c2ccc(O)c(OC)c2)ccc1O,6000.0,active
CHEMBL2413471,COc1cc(/C=C/c2cc(-c3ccc(O)c(OC)c3)[nH]n2)ccc1O,18200.0,inactive
CHEMBL2392188,COc1cc(/C=C/C(=O)/C=C/c2cc(CC=C(C)C)c(O)c(OC)c2)cc(CC=C(C)C)c1O,22400.0,inactive
CHEMBL3290186,COc1cc(/C=C/C(=O)/C=C/c2cc(F)c(O)c(OC)c2)cc(F)c1O,19400.0,inactive
CHEMBL3290439,COc1cc(/C=C/C(=O)CC(=O)c2ccc(O)c(OC)c2)ccc1O,35700.0,inactive
CHEMBL3290185,COc1cc(/C=C/C(=O)CC(=O)/C=C/c2cc(F)c(O)c(OC)c2)cc(F)c1O,15600.0,inactive
CHEMBL180239,COc1cc(/C=C/c2cc(/C=C/c3ccc(O)c(OC)c3)[nH]n2)ccc1O,16200.0,inactive
CHEMBL318743,COc1cc(CCC(=O)CC(=O)CCc2ccc(O)c(OC)c2)ccc1O,50000.0,inactive
CHEMBL2392187,COc1cc(/C=C/C(=O)CC(=O)/C=C/c2cc(CC=C(C)C)c(O)c(OC)c2)cc(CC=C(C)C)c1O,50000.0,inactive
CHEMBL2392186,COc1cc(CCC(=O)CC(=O)CCc2cc(CCC(C)C)c(O)c(OC)c2)cc(CCC(C)C)c1O,50000.0,inactive
CHEMBL3290441,COc1cc(/C=C/c2cc(/C=C/c3cc(CC=C(C)C)c(O)c(OC)c3)[nH]n2)cc(CC=C(C)C)c1O,50000.0,inactive
CHEMBL1319541,CCOc1ccc2nc(NC3=NC(C)=CC(C)(C)N3)nc(C)c2c1,15700.0,inactive
CHEMBL3337603,CC1=CC(C)(C)N=C(Nc2nc(C)c3cc(C)ccc3n2)N1,7900.0,active
CHEMBL522887,CC1=CC(C)(C)N=C(Nc2nc(C)c3cc(C)cc(C)c3n2)N1,800.0,active
CHEMBL1528359,CCOc1ccc2c(C)nc(NC3=NC(C)=CC(C)(C)N3)nc2c1,20700.0,inactive
CHEMBL3337604,Cc1nc(Nc2ccccc2)nc2ccccc12,30000.0,inactive
CHEMBL3337605,Cc1nc(NCc2ccccc2)nc2ccccc12,30000.0,inactive
CHEMBL3337606,Cc1nc(NCCc2c[nH]c3ccccc23)nc2ccccc12,30000.0,inactive
CHEMBL3337607,Cc1nc(NCCN2CCOCC2)nc2ccccc12,30000.0,inactive
CHEMBL3337608,Cc1nc(NCc2ccc3c(c2)OCO3)nc2ccccc12,30000.0,inactive
CHEMBL3337457,Cc1ccc(CNc2nc(C)c3ccccc3n2)o1,30000.0,inactive
CHEMBL3337609,Cc1nc(NCc2cccc3ccccc23)nc2ccccc12,30000.0,inactive
CHEMBL3337610,Cc1nc(NC2CCCCC2)nc2ccccc12,30000.0,inactive
CHEMBL3337611,Cc1nc(Nc2ccccn2)nc2ccccc12,30000.0,inactive
CHEMBL1603850,Cc1cc(C)c2nc(Nc3nc(C)cc(O)n3)nc(C)c2c1,5000.0,active
CHEMBL1652424,Cc1cc(C)c2nc(Nc3nc(C)c(C)c(O)n3)nc(C)c2c1,6400.0,active
CHEMBL3337612,C=CCc1c(C)[nH]c(Nc2nc(C)c3cc(C)cc(C)c3n2)nc1=O,14300.0,inactive
CHEMBL3337613,Cc1cc(C)c2nc(Nc3nc(=O)cc(-c4ccccc4)[nH]3)nc(C)c2c1,11200.0,inactive
CHEMBL3337614,CCOc1ccc2nc(Nc3nc(=O)cc(C)[nH]3)nc(C)c2c1,50000.0,inactive
CHEMBL3337615,CCOc1ccc2nc(Nc3nc(=O)c(C)c(C)[nH]3)nc(C)c2c1,11700.0,inactive
CHEMBL3337616,CCOc1ccc2nc(Nc3nc(=O)cc(-c4ccccc4)[nH]3)nc(C)c2c1,3400.0,active
CHEMBL3337617,CCOc1ccc2nc(Nc3nc(=O)c(Cc4ccccc4)c(C)[nH]3)nc(C)c2c1,2700.0,active
CHEMBL3337618,COc1ccc2nc(Nc3nc(=O)cc(C)[nH]3)nc(C)c2c1,34900.0,inactive
CHEMBL3337619,COc1ccc2nc(Nc3nc(=O)c(Cc4ccccc4)c(C)[nH]3)nc(C)c2c1,34700.0,inactive
CHEMBL3337620,Cc1ccc2c(C)nc(Nc3nc(=O)cc(C)[nH]3)nc2c1,19100.0,inactive
CHEMBL3337621,Cc1ccc2c(C)nc(Nc3nc(=O)c(C)c(C)[nH]3)nc2c1,10500.0,inactive
CHEMBL3337622,Cc1cc(=O)nc(Nc2nc(C)c3cc(C)c(C)cc3n2)[nH]1,24700.0,inactive
CHEMBL3337623,Cc1cc2nc(Nc3nc(=O)c(C)c(C)[nH]3)nc(C)c2cc1C,10400.0,inactive
CHEMBL3337624,Cc1cc(=O)nc(Nc2nc(C)c3cc4c(cc3n2)OCO4)[nH]1,50000.0,inactive
CHEMBL3337625,Cc1[nH]c(Nc2nc(C)c3cc4c(cc3n2)OCO4)nc(=O)c1C,50000.0,inactive
CHEMBL3337626,Cc1nc(Nc2nc(=O)cc(-c3ccccc3)[nH]2)nc2cc3c(cc12)OCO3,13000.0,inactive
CHEMBL3337627,Cc1[nH]c(Nc2nc(C)c3cc4c(cc3n2)OCO4)nc(=O)c1Cc1ccccc1,50000.0,inactive
CHEMBL1439622,COc1ccc2c(C)nc(Nc3nc(C)cc(O)n3)nc2c1,33900.0,inactive
CHEMBL3581710,C=C(C)C(=O)CC[C@](C)(O[C@@H]1O[C@H](CO[C@@H]2O[C@H](CO)[C@@H](O)[C@H](O)[C@H]2O)[C@@H](O)[C@H](O)[C@H]1O)[C@H]1CC[C@]2(C)[C@@H]1[C@H](O)C[C@@H]1[C@@]3(C)C[C@@H](O)[C@H](O)C(C)(C)[C@@H]3CC[C@]12C,270.0,active
CHEMBL3581709,C=C(C)C(=O)CC[C@](C)(O[C@@H]1O[C@H](CO[C@@H]2O[C@@H](C)[C@H](O)[C@@H](O)[C@H]2O)[C@@H](O)[C@H](O)[C@H]1O)[C@H]1CC[C@]2(C)[C@@H]1[C@H](O)C[C@@H]1[C@@]3(C)C[C@@H](O)[C@H](O[C@@H]4O[C@H](CO)[C@@H](O)[C@H](O)[C@H]4O[C@@H]4O[C@H](CO)[C@@H](O)[C@H](O)[C@H]4O)C(C)(C)[C@@H]3CC[C@]12C,19200.0,inactive
CHEMBL3581708,CC(C)(/C=C/C[C@](C)(O[C@@H]1O[C@H](CO[C@@H]2O[C@H](CO)[C@@H](O)[C@H](O)[C@H]2O)[C@@H](O)[C@H](O)[C@H]1O)[C@H]1CC[C@]2(C)[C@@H]1[C@H](O)C[C@@H]1[C@@]3(C)C[C@@H](O)[C@H](O)C(C)(C)[C@@H]3CC[C@]12C)OO,30000.0,inactive
CHEMBL3581707,C[C@@H]1O[C@@H](OC[C@H]2O[C@@H](O[C@@](C)(C/C=C/C(C)(C)OO)[C@H]3CC[C@]4(C)[C@@H]3[C@H](O)C[C@@H]3[C@@]5(C)C[C@@H](O)[C@H](O[C@@H]6O[C@H](CO)[C@@H](O)[C@H](O)[C@H]6O[C@@H]6O[C@H](CO)[C@@H](O)[C@H](O)[C@H]6O)C(C)(C)[C@@H]5CC[C@]34C)[C@H](O)[C@@H](O)[C@@H]2O)[C@H](O)[C@H](O)[C@H]1O,30000.0,inactive
CHEMBL3581706,CC(C)(/C=C/C[C@](C)(O[C@@H]1O[C@H](CO)[C@@H](O)[C@H](O)[C@H]1O)[C@H]1CC[C@]2(C)[C@@H]1[C@H](O)C[C@@H]1[C@@]3(C)C[C@@H](O)[C@H](O[C@@H]4O[C@H](CO)[C@@H](O)[C@H](O)[C@H]4O[C@@H]4O[C@H](CO)[C@@H](O)[C@H](O)[C@H]4O)C(C)(C)[C@@H]3CC[C@]12C)OO,30000.0,inactive
CHEMBL3581704,CC(C)/C=C/C[C@](C)(O[C@@H]1O[C@H](CO[C@@H]2O[C@@H](C)[C@H](O)[C@@H](O)[C@H]2O)[C@@H](O)[C@H](O)[C@H]1O)[C@H]1CC[C@]2(C)[C@@H]1[C@H](O)C[C@@H]1[C@@]3(C)C[C@@H](O)[C@H](O[C@@H]4O[C@H](CO)[C@@H](O)[C@H](O)[C@H]4O[C@@H]4O[C@H](CO)[C@@H](O)[C@H](O)[C@H]4O)C(C)(C)[C@@H]3CC[C@]12C,30000.0,inactive
CHEMBL3581705,C[C@@H]1O[C@@H](OC[C@H]2O[C@@H](O[C@@](C)(C/C=C/C(C)(C)O)[C@H]3CC[C@]4(C)[C@@H]3[C@H](O)C[C@@H]3[C@@]5(C)C[C@@H](O)[C@H](O[C@@H]6O[C@H](CO)[C@@H](O)[C@H](O)[C@H]6O)C(C)(C)[C@@H]5CC[C@]34C)[C@H](O)[C@@H](O)[C@@H]2O)[C@H](O)[C@H](O)[C@H]1O,17100.0,inactive
CHEMBL3581711,CC(C)/C=C/C[C@](C)(O[C@@H]1O[C@H](CO[C@@H]2O[C@@H](C)[C@H](O)[C@@H](O)[C@H]2O)[C@@H](O)[C@H](O)[C@H]1O)[C@H]1CC[C@]2(C)[C@@H]1[C@H](O)C[C@@H]1[C@@]3(C)C[C@@H](O)[C@H](O[C@@H]4O[C@H](CO)[C@@H](O)[C@H](O)[C@H]4O)C(C)(C)[C@@H]3CC[C@]12C,17600.0,inactive
CHEMBL3581712,C=C(C)C(=O)CC[C@](C)(O[C@@H]1O[C@H](CO[C@@H]2O[C@@H](C)[C@H](O)[C@@H](O)[C@H]2O)[C@@H](O)[C@H](O)[C@H]1O)[C@H]1CC[C@]2(C)[C@@H]1[C@H](O)C[C@@H]1[C@@]3(C)C[C@@H](O)[C@H](O)C(C)(C)[C@@H]3CC[C@]12C,590.0,active
CHEMBL3581713,CC(C)/C=C/C[C@](C)(O[C@@H]1O[C@H](CO[C@@H]2O[C@@H](C)[C@H](O)[C@@H](O)[C@H]2O)[C@@H](O)[C@H](O)[C@H]1O)[C@H]1CC[C@]2(C)[C@@H]1[C@H](O)C[C@@H]1[C@@]3(C)CC[C@H](O[C@@H]4O[C@H](CO)[C@@H](O)[C@H](O)[C@H]4O[C@@H]4O[C@H](CO)[C@@H](O)[C@H](O)[C@H]4O)C(C)(C)[C@@H]3CC[C@]12C,4000.0,active
CHEMBL3581714,CC(C)/C=C/C[C@](C)(O[C@@H]1O[C@H](CO[C@@H]2O[C@@H](C)[C@H](O)[C@@H](O)[C@H]2O)[C@@H](O)[C@H](O)[C@H]1O)[C@H]1CC[C@]2(C)[C@@H]1[C@H](O)C[C@@H]1[C@@]3(C)C[C@@H](O)[C@H](O)C(C)(C)[C@@H]3CC[C@]12C,500.0,active
CHEMBL3600744,COc1ccc(S(=O)(=O)Nc2ccccc2-c2ccc(F)cc2)cc1,4020.0,active
CHEMBL3600746,COc1ccc(S(=O)(=O)Nc2ccccc2-c2ccc(C#N)cc2)cc1,440.0,active
CHEMBL3600755,COc1ccc(S(=O)(=O)Nc2ccccc2-c2ccc(F)c(F)c2)cc1,2750.0,active
CHEMBL3600757,COc1ccc(S(=O)(=O)Nc2ccccc2-c2ccc(C#N)c(F)c2)cc1,200.0,active
CHEMBL3600853,COc1ccc(S(=O)(=O)N(C(C)=O)c2ccccc2-c2ccc(C#N)cc2)cc1,320.0,active
CHEMBL2062865,C/C=C(\C)C(=O)O[C@H]1C[C@@H](C)[C@]2(O)CC[C@](C)(/C=C3/OC(=O)C(COC(C)=O)=C31)O2,2200.0,active
CHEMBL2062868,C/C=C(\C)C(=O)O[C@H]1C[C@@H](C)[C@]2(OC)CC[C@](C)(/C=C3/OC(=O)C(COC(C)=O)=C31)O2,3200.0,active
CHEMBL3628032,C/C=C(\C)C(=O)OCC1=C2/C(=C\[C@@]3(C)CC[C@](O)(O3)[C@H](C)C[C@@H]2O)OC1=O,2600.0,active
CHEMBL3628036,CC(C)=CCC/C(C)=C/C(=O)OCC1=C2/C(=C\[C@@]3(C)CC[C@](O)(O3)[C@H](C)C[C@@H]2O)OC1=O,500.0,active
CHEMBL3628038,CC(C)=CCCC(C)CC(=O)OCC1=C2/C(=C\[C@@]3(C)CC[C@](O)(O3)[C@H](C)C[C@@H]2O)OC1=O,500.0,active
CHEMBL3628241,C[C@@H]1C[C@H](O)C2=C(COC(=O)CCc3ccccc3)C(=O)O/C2=C/[C@@]2(C)CC[C@]1(O)O2,500.0,active
CHEMBL3628243,C/C=C(\C)C(=O)OCC1=C2/C(=C\[C@@]3(C)CC[C@](O)(O3)[C@H](C)C[C@@H]2OC(=O)/C(C)=C/C)OC1=O,500.0,active
CHEMBL3628244,C/C=C(\C)C(=O)OCC1=C2/C(=C\[C@@]3(C)CC[C@](OC)(O3)[C@H](C)C[C@@H]2OC(=O)/C(C)=C/C)OC1=O,500.0,active
CHEMBL3628691,COc1cc(CNc2nn[nH]n2)cc(Cl)c1OCc1ccc([N+](=O)[O-])cc1,25700.0,inactive
CHEMBL3632630,C=C1C2=C(C(=O)N1OC)[C@H](O)[C@@](C)(O)[C@H](CCCCC)O2,610000.0,inactive
CHEMBL1668333,CC(C)=CC(=O)C[C@H](C)c1ccc(C)cc1,14210.0,inactive
CHEMBL1527817,Clc1ccc(C2=Nn3c(nnc3-c3[nH]nc4c3CCC4)SC2)cc1Cl,6800.0,active
CHEMBL3828058,Clc1ccc(C2=Nn3c(nnc3-c3cc(-c4ccccc4)n[nH]3)SC2)cc1Cl,31200.0,inactive
CHEMBL1342513,Clc1ccc(C2=Nn3c(nnc3-c3[nH]nc4c3CCC4)SC2)cc1,26800.0,inactive
CHEMBL1344250,Clc1ccc(C2=Nn3c(nnc3-c3cc(-c4ccccc4)[nH]n3)SC2)cc1,9600.0,active
CHEMBL3828538,Clc1cccc(C2=Nn3c(nnc3-c3[nH]nc4c3CCC4)SC2)c1,21200.0,inactive
CHEMBL3828159,Clc1cccc(C2=Nn3c(nnc3-c3cc(-c4ccccc4)n[nH]3)SC2)c1,5600.0,active
CHEMBL1564640,c1ccc(C2=Nn3c(nnc3-c3[nH]nc4c3CCC4)SC2)cc1,21200.0,inactive
CHEMBL1425853,c1ccc(C2=Nn3c(nnc3-c3cc(-c4ccccc4)[nH]n3)SC2)cc1,27000.0,inactive
CHEMBL3827328,COc1ccc(C2=Nn3c(nnc3-c3[nH]nc4c3CCC4)SC2)cc1,17900.0,inactive
CHEMBL3828475,COc1ccc(C2=Nn3c(nnc3-c3cc(-c4ccccc4)n[nH]3)SC2)cc1,3700.0,active
CHEMBL3828577,c1cc(C2=Nn3c(nnc3-c3[nH]nc4c3CCC4)SC2)ccn1,50000.0,inactive
CHEMBL3827646,c1ccc(-c2cc(-c3nnc4n3N=C(c3ccncc3)CS4)[nH]n2)cc1,50000.0,inactive
CHEMBL3828202,Clc1ccc(C2=Nn3c(nnc3-c3[nH]nc4c3CCC4)SC2)s1,11000.0,inactive
CHEMBL3828691,Clc1ccc(C2=Nn3c(nnc3-c3cc(-c4ccccc4)n[nH]3)SC2)s1,50000.0,inactive
CHEMBL3828447,C1=Nn2c(nnc2-c2[nH]nc3c2CCC3)SC1,50000.0,inactive
CHEMBL3827729,C1=Nn2c(nnc2-c2cc(-c3ccccc3)n[nH]2)SC1,50000.0,inactive
CHEMBL1432718,CC1=Nn2c(nnc2-c2[nH]nc3c2CCC3)SC1,50000.0,inactive
CHEMBL1417722,CC1=Nn2c(nnc2-c2cc(-c3ccccc3)[nH]n2)SC1,50000.0,inactive
CHEMBL3828502,C1CCC(C2=Nn3c(nnc3-c3[nH]nc4c3CCC4)SC2)CC1,30000.0,inactive
CHEMBL3827868,c1ccc(-c2cc(-c3nnc4n3N=C(C3CCCCC3)CS4)[nH]n2)cc1,50000.0,inactive
CHEMBL3828474,COc1ccc(C2CSc3nnc(-c4[nH]nc5c4CCC5)n3N2)cc1,50000.0,inactive
CHEMBL3828587,COc1ccc(C2CSc3nnc(-c4cc(-c5ccccc5)n[nH]4)n3N2C(C)=O)cc1,50000.0,inactive
CHEMBL3827535,Fc1ccc(-c2cc(-c3nnc4n3N=C(c3ccc(Cl)c(Cl)c3)CS4)[nH]n2)cc1,7500.0,active
CHEMBL3827290,Clc1ccc(-c2cc(-c3nnc4n3N=C(c3ccc(Cl)c(Cl)c3)CS4)[nH]n2)cc1,14500.0,inactive
CHEMBL3827557,Clc1ccc(C2=Nn3c(nnc3-c3[nH]nc4c3CCCC4)SC2)cc1Cl,15500.0,inactive
CHEMBL3827948,CC1Sc2nnc(-c3[nH]nc4c3CCC4)n2N=C1c1ccc(Cl)c(Cl)c1,8200.0,active
CHEMBL3827821,COc1ccc(C2=Nn3c(nnc3-c3[nH]nc4c3CCC4)SC2C)cc1,9100.0,active
CHEMBL3828048,CC1Sc2nnc(-c3cc(-c4ccccc4)n[nH]3)n2N=C1c1ccccc1,3400.0,active
CHEMBL3827771,CC1Sc2nnc(-c3cc(-c4ccc(F)cc4)n[nH]3)n2N=C1c1ccccc1,3800.0,active
CHEMBL3828152,COc1ccc(C2=Nn3c(nnc3-c3cc(-c4ccc(F)cc4)n[nH]3)SC2C)cc1,4200.0,active
CHEMBL3828160,COc1ccc(C2=Nn3c(nnc3-c3cc(-c4ccc(Cl)cc4)n[nH]3)SC2C)cc1,11400.0,inactive
CHEMBL3827273,CC(C)C1Sc2nnc(-c3[nH]nc4c3CCC4)n2N=C1c1ccc(Cl)c(Cl)c1,4400.0,active
CHEMBL3827123,COc1ccc(C2=Nn3c(nnc3-c3[nH]nc4c3CCC4)SC2C(C)C)cc1,2200.0,active
CHEMBL3827334,CC(C)CC1Sc2nnc(-c3[nH]nc4c3CCC4)n2N=C1c1ccc(Cl)c(Cl)c1,4100.0,active
CHEMBL3828107,COc1ccc(C2=Nn3c(nnc3-c3cc(-c4ccccc4)n[nH]3)SC2CC(C)C)cc1,5100.0,active
CHEMBL3827967,Clc1ccc(C2=Nn3c(nnc3-c3[nH]nc4c3CCC4)SC2Cc2ccccc2)cc1Cl,7500.0,active
CHEMBL3828053,COc1ccc(C2=Nn3c(nnc3-c3cc(-c4ccccc4)n[nH]3)SC2CCN)cc1,20000.0,inactive
CHEMBL3827269,COCCC1Sc2nnc(-c3cc(-c4ccccc4)n[nH]3)n2N=C1c1ccc(OC)cc1,50000.0,inactive
CHEMBL3827607,CC1(C)Sc2nnc(-c3[nH]nc4c3CCC4)n2N=C1c1ccc(Cl)c(Cl)c1,18600.0,inactive
CHEMBL497044,C/C1=C\C[C@]2(C(C)C)CC[C@@](C)(O2)[C@@H](O)CC/C(C)=C/CC1,15840.0,inactive
CHEMBL3979367,CC(=O)O[C@H]1CC/C(C)=C/CC/C(C)=C/C[C@]2(C(C)C)CC[C@@]1(C)O2,50000.0,inactive
CHEMBL3899770,CCCCCCCCC(=O)O[C@H]1CC/C(C)=C/CC/C(C)=C/C[C@]2(C(C)C)CC[C@@]1(C)O2,38660.0,inactive
CHEMBL3959869,C/C1=C\C[C@]2(C(C)C)CC[C@@](C)(O2)[C@@H](OC(=O)c2ccccc2)CC/C(C)=C/CC1,50000.0,inactive
CHEMBL3890789,C/C1=C\C[C@]2(C(C)C)CC[C@@](C)(O2)[C@@H](OC(=O)Cc2ccccc2)CC/C(C)=C/CC1,50000.0,inactive
CHEMBL3948101,C/C1=C\C[C@]2(C(C)C)CC[C@@](C)(O2)[C@@H](OC(=O)/C=C/c2ccccc2)CC/C(C)=C/CC1,50000.0,inactive
CHEMBL3943485,C/C1=C\CC/C(C)=C/C[C@](O)(C(C)C)CC/C(C)=C/CC1,50000.0,inactive
CHEMBL3904515,C/C1=C\CC[C@]2(C)O[C@@H]2C[C@]2(C(C)C)CC[C@@](C)(O2)[C@@H](O)CC1,50000.0,inactive
CHEMBL3975348,CC(=O)O[C@H]1CC/C(C)=C/CC[C@]2(C)O[C@@H]2C[C@]2(C(C)C)CC[C@@]1(C)O2,50000.0,inactive
CHEMBL3913521,CC(=O)O[C@H]1CC[C@@]2(C)O[C@H]2CC/C(C)=C/C[C@]2(C(C)C)CC[C@@]1(C)O2,50000.0,inactive
CHEMBL3983336,C/C1=C\C[C@]2(C(C)C)CC[C@@](C)(O2)C(=O)CC/C(C)=C/CC1,50000.0,inactive
CHEMBL3922508,C/C1=C\C[C@]2(C(C)C)CC[C@@](C)(O2)[C@H](O)CC/C(C)=C/CC1,50000.0,inactive
CHEMBL3894504,CC1=C2CC/C(C)=C/CC[C@]3(C)O[C@@H]3CC/C(C)=C/[C@@H]2OC1,50000.0,inactive
CHEMBL3931428,CC1=C2CC/C(C)=C/CC[C@]3(C)O[C@@H]3CC/C(C)=C/[C@@H]2OC1=O,50000.0,inactive
CHEMBL3696060,O=C(O)c1nc(-c2ccccc2)oc1Cc1ccc(OP(=O)(O)O)cc1,1000000.0,inactive
CHEMBL3696061,CCCCCCNC(=O)c1nc(-c2ccccc2)oc1Cc1ccc(OP(=O)(O)O)cc1,1000000.0,inactive
CHEMBL3696062,CCCCCCNC(=O)c1nc(-c2ccccc2)sc1Cc1ccc(OP(=O)(O)O)cc1,150000.0,inactive
CHEMBL2172015,O=C(Nc1ccc(C2CCCCC2)cc1)c1nc(-c2ccccc2)oc1Cc1ccc(OP(=O)(O)O)cc1,33000.0,inactive
CHEMBL3696063,O=C(Nc1ccc(C2CCCCC2)cc1)c1nc(-c2ccccc2)sc1Cc1ccc(OP(=O)(O)O)cc1,775000.0,inactive
CHEMBL3696064,O=C(Nc1ccc(C2CCCCC2)cc1)c1nc(-c2ccccc2)oc1Cc1ccc(O)cc1,1000000.0,inactive
CHEMBL3696065,COc1ccc(NC(=O)c2nc(-c3ccccc3)oc2Cc2ccc(OP(=O)(O)O)cc2)cc1,90000.0,inactive
CHEMBL3696066,COc1ccc(NC(=O)c2nc(-c3ccccc3)sc2Cc2ccc(OP(=O)(O)O)cc2)cc1,28000.0,inactive
CHEMBL2172018,CCCCCCNC(=O)c1nc(-c2cccc3ccccc23)oc1Cc1ccc(OP(=O)(O)O)cc1,58000.0,inactive
CHEMBL2171897,CCCCCCNC(=O)c1nc(-c2cccc3ccccc23)sc1Cc1ccc(OP(=O)(O)O)cc1,25000.0,inactive
CHEMBL3696067,O=C(Nc1ccc(C2CCCCC2)cc1)c1nc(-c2cccc3ccccc23)oc1Cc1ccc(OP(=O)(O)O)cc1,255000.0,inactive
CHEMBL3696068,O=C(Nc1ccc(C2CCCCC2)cc1)c1nc(-c2cccc3ccccc23)sc1Cc1ccc(OP(=O)(O)O)cc1,350000.0,inactive
CHEMBL3696069,COc1ccc(NC(=O)c2nc(-c3cccc4ccccc34)sc2Cc2ccc(OP(=O)(O)O)cc2)cc1,125000.0,inactive
CHEMBL44,O=c1c(-c2ccc(O)cc2)coc2cc(O)cc(O)c12,24800.0,inactive
CHEMBL1081586,COC(=O)C1=CO[C@@H](O[C@@H]2O[C@H](CO)[C@@H](O)[C@H](O)[C@H]2O)[C@@H]2[C@H](C)[C@@H](O)C[C@H]12,22900.0,inactive
CHEMBL456137,C=C[C@H]1[C@H](O[C@@H]2O[C@H](CO)[C@@H](O)[C@H](O)[C@H]2O)OC=C2C(=O)OCC[C@H]21,89500.0,inactive
CHEMBL1209803,COC(=O)C1=CO[C@@H](O[C@@H]2O[C@H](CO)[C@@H](O)[C@H](O)[C@H]2O)[C@@H]2[C@H](C)O[C@@H](O)C[C@H]12,6900.0,active
CHEMBL2152455,COC(=O)C1=CO[C@@H](O[C@@H]2O[C@H](CO)[C@@H](O)[C@H](O)[C@H]2O)[C@@H]2[C@H](C)O[C@H](O)C[C@H]12,7000.0,active
CHEMBL1209872,COC(=O)C1=CO[C@@H](O[C@@H]2O[C@H](CO)[C@@H](O)[C@H](O)[C@H]2O)[C@@H]2[C@H](C)O[C@@H](OC)C[C@H]12,24800.0,inactive
CHEMBL2152454,COC(=O)C1=CO[C@@H](O[C@@H]2O[C@H](CO)[C@@H](O)[C@H](O)[C@H]2O)[C@@H]2[C@H](C)O[C@H](OC)C[C@H]12,32500.0,inactive
CHEMBL4160015,CCO[C@@H]1C[C@@H]2C(C(=O)OC)=CO[C@@H](O[C@@H]3O[C@H](CO)[C@@H](O)[C@H](O)[C@H]3O)[C@@H]2[C@H](C)O1,100000.0,inactive
CHEMBL4167273,CCO[C@H]1C[C@@H]2C(C(=O)OC)=CO[C@@H](O[C@@H]3O[C@H](CO)[C@@H](O)[C@H](O)[C@H]3O)[C@@H]2[C@H](C)O1,67000.0,inactive
CHEMBL1081584,COC(=O)C1=CO[C@@H](O[C@@H]2O[C@H](CO)[C@@H](O)[C@H](O)[C@H]2O)[C@@H]2[C@@H](C)[C@@H](O)C[C@H]12,14000.0,inactive
CHEMBL4177450,CCO[C@H]1C[C@@H]2C(C(=O)OC)=CO[C@@H](O[C@@H]3O[C@H](CO[C@H]4C[C@@H]5C(C(=O)OC)=CO[C@@H](O[C@@H]6O[C@H](CO)[C@@H](O)[C@H](O)[C@H]6O)[C@@H]5[C@H](C)O4)[C@@H](O)[C@H](O)[C@H]3O)[C@@H]2[C@H](C)O1,100000.0,inactive
CHEMBL4166828,COC(=O)C1=CO[C@@H](O[C@@H]2O[C@H](CO)[C@@H](O)[C@H](O)[C@H]2O)[C@@H]2[C@@H](C)[C@@H](O[C@H]3C[C@@H]4C(C(=O)OC)=CO[C@@H](O[C@@H]5O[C@H](CO)[C@@H](O)[C@H](O)[C@H]5O)[C@@H]4[C@@H](C)O3)C[C@H]12,71900.0,inactive
CHEMBL4174085,COC(=O)C1=CO[C@@H](O[C@@H]2O[C@H](CO)[C@@H](O[C@H]3C[C@@H]4C(C(=O)OC)=CO[C@@H](O[C@@H]5O[C@H](C)[C@@H](O)[C@H](O)[C@H]5O)[C@@H]4[C@H](C)O3)[C@H](O)[C@H]2O)[C@@H]2[C@@H](C)[C@@H](O)C[C@H]12,52600.0,inactive
CHEMBL4163373,COC(=O)C1=CO[C@@H](O[C@@H]2O[C@H](CO)[C@@H](O)[C@H](O)[C@H]2O[C@@H]2C[C@@H]3C(C(=O)OC)=CO[C@@H](O[C@@H]4O[C@H](CO)[C@@H](O)[C@H](O)[C@H]4O)[C@@H]3[C@H](C)O2)[C@@H]2[C@@H](C)[C@@H](O)C[C@H]12,40500.0,inactive
CHEMBL4159173,COC(=O)C1=CO[C@@H](O[C@@H]2O[C@H](CO[C@@H]3C[C@@H]4C(C(=O)OC)=CO[C@@H](O[C@@H]5O[C@H](CO)[C@@H](O)[C@H](O)[C@H]5O)[C@@H]4[C@H](C)O3)[C@@H](O)[C@H](O)[C@H]2O)[C@@H]2[C@@H](C)[C@@H](O)C[C@H]12,12200.0,inactive
CHEMBL4169822,CCO[C@@H]1C[C@@H]2C(C(=O)OC)=CO[C@@H](O[C@@H]3O[C@H](CO[C@H]4C[C@@H]5C(C(=O)OC)=CO[C@@H](O[C@@H]6O[C@H](CO)[C@@H](O)[C@H](O)[C@H]6O)[C@@H]5[C@H](C)O4)[C@@H](O)[C@H](O)[C@H]3O)[C@@H]2[C@H](C)O1,100000.0,inactive
CHEMBL4172359,COC(=O)C1=CO[C@@H](O[C@@H]2O[C@H](CO[C@@H]3C[C@@H]4C(C(=O)OC)=CO[C@@H](O[C@@H]5O[C@H](CO)[C@@H](O)[C@H](O)[C@H]5O)[C@@H]4[C@H](C)O3)[C@@H](O)[C@H](O)[C@H]2O)[C@@H]2[C@H](C)O[C@@H](OC)C[C@H]12,43000.0,inactive
CHEMBL4164481,COC(=O)C1=CO[C@@H](O[C@@H]2O[C@H](CO)[C@@H](O)[C@H](O)[C@H]2O)[C@@H]2[C@H](C)O[C@H](O[C@H]3[C@H](O[C@@H]4OC=C(C(=O)OC)[C@H]5C[C@H](OC)O[C@@H](C)[C@@H]45)O[C@H](CO)[C@@H](O)[C@@H]3O)C[C@H]12,21900.0,inactive
CHEMBL4175770,COC(=O)C1=CO[C@@H](O[C@@H]2O[C@H](CO)[C@@H](O)[C@H](O)[C@H]2O)[C@@H]2[C@H](C)O[C@H](O[C@H]3[C@H](O[C@@H]4OC=C(C(=O)OC)[C@H]5C[C@@H](OC)O[C@@H](C)[C@@H]45)O[C@H](CO)[C@@H](O)[C@@H]3O)C[C@H]12,19400.0,inactive
CHEMBL4167909,COC(=O)C1=CO[C@@H](O[C@@H]2O[C@H](CO[C@@H]3C[C@@H]4C(C(=O)OC)=CO[C@@H](O[C@@H]5O[C@H](CO)[C@@H](O)[C@H](O)[C@H]5O)[C@@H]4[C@H](C)O3)[C@@H](O)[C@H](O)[C@H]2O)[C@@H]2[C@H](C)O[C@H](OC)C[C@H]12,27600.0,inactive
CHEMBL4160655,COC(=O)C1=CO[C@@H](O[C@@H]2O[C@H](C)[C@@H](O)[C@H](O)[C@H]2O)[C@@H]2[C@H](C)O[C@@H](O[C@@H]3[C@@H](O)[C@H](O[C@@H]4OC=C(C(=O)OC)[C@H]5C[C@@H](OC)O[C@@H](C)[C@@H]45)O[C@H](CO)[C@H]3O)C[C@H]12,29700.0,inactive
CHEMBL4171260,COC(=O)C1=CO[C@@H](O[C@@H]2O[C@H](CO)[C@@H](O)[C@H](O)[C@H]2O)[C@@H]2[C@H](C)O[C@@H](OC[C@H]3O[C@@H](O[C@@H]4OC=C(C(=O)OC)[C@H]5C[C@@H](OC)O[C@@H](C)[C@@H]45)[C@H](O)[C@@H](O)[C@@H]3O)C[C@H]12,47000.0,inactive
CHEMBL4164056,COC(=O)C1=CO[C@@H](O[C@@H]2O[C@H](C)[C@@H](O)[C@H](O)[C@H]2O)[C@@H]2[C@H](C)O[C@@H](O[C@H]3[C@H](O)[C@@H](O)[C@H](O[C@@H]4OC=C(C(=O)OC)[C@H]5C[C@H](OC)O[C@@H](C)[C@@H]45)O[C@@H]3CO)C[C@H]12,79100.0,inactive
CHEMBL4174708,COC(=O)C1=CO[C@@H](O[C@@H]2O[C@H](C)[C@@H](O)[C@H](O)[C@H]2O)[C@@H]2[C@H](C)O[C@@H](O[C@@H]3[C@@H](O)[C@H](O[C@@H]4OC=C(C(=O)OC)[C@H]5C[C@H](OC)O[C@@H](C)[C@@H]45)O[C@H](CO)[C@H]3O)C[C@H]12,11900.0,inactive
CHEMBL4168853,COC(=O)C1=CO[C@@H](O[C@@H]2O[C@H](CO)[C@@H](O)[C@H](O)[C@H]2O)[C@@H]2[C@H](C)O[C@@H](O[C@H]3[C@H](O[C@@H]4OC=C(C(=O)OC)[C@H]5C[C@H](OC)O[C@@H](C)[C@@H]45)O[C@H](CO)[C@@H](O)[C@@H]3O)C[C@H]12,100000.0,inactive
CHEMBL4176712,COC(=O)C1=CO[C@@H](O[C@@H]2O[C@H](CO[C@H]3C[C@@H]4C(C(=O)OC)=CO[C@@H](O[C@@H]5O[C@H](CO)[C@@H](O)[C@H](O)[C@H]5O)[C@@H]4[C@H](C)O3)[C@@H](O)[C@H](O)[C@H]2O)[C@@H]2[C@H](C)O[C@@H](OC)C[C@H]12,100000.0,inactive
CHEMBL4168681,Cc1ccc(S(=O)(=O)OCC(=O)Nc2ccc(C(=O)O)cc2)cc1,86000.0,inactive
CHEMBL1762621,COC(=O)[C@]12CCC(C)(C)C[C@H]1[C@H]1C(=O)C=C3[C@@]4(C)C=C(C#N)C(=O)C(C)(C)[C@@H]4CC[C@@]3(C)[C@]1(C)CC2,2380.0,active
CHEMBL168,CC1(C)CC[C@]2(C(=O)O)CC[C@]3(C)C(=CC[C@@H]4[C@@]5(C)CC[C@H](O)C(C)(C)[C@@H]5CC[C@]43C)[C@@H]2C1,50000.0,inactive
CHEMBL1631518,COC(=O)[C@]12CCC(C)(C)C[C@H]1C1=CC[C@@H]3[C@@]4(C)CCC(=O)C(C)(C)[C@@H]4CC[C@@]3(C)[C@]1(C)CC2,25000.0,inactive
CHEMBL4211445,COC(=O)[C@]12CCC(C)(C)C[C@H]1C1=CC[C@@H]3[C@@]4(C)CC(C=O)=C(O)C(C)(C)[C@@H]4CC[C@@]3(C)[C@]1(C)CC2,25000.0,inactive
CHEMBL4218752,COC(=O)[C@]12CCC(C)(C)C[C@H]1C1=CC[C@@H]3[C@@]4(C)Cc5cnoc5C(C)(C)[C@@H]4CC[C@@]3(C)[C@]1(C)CC2,25000.0,inactive
CHEMBL4214981,COC(=O)[C@]12CCC(C)(C)C[C@H]1C1=CC[C@@H]3[C@@]4(C)CC(C#N)=C(O)C(C)(C)[C@@H]4CC[C@@]3(C)[C@]1(C)CC2,25000.0,inactive
CHEMBL4211797,COC(=O)[C@]12CCC(C)(C)C[C@H]1C1=CC[C@@H]3[C@@]4(C)C=C(C#N)C(=O)C(C)(C)[C@@H]4CC[C@@]3(C)[C@]1(C)CC2,25000.0,inactive
CHEMBL1915188,COC(=O)[C@]12CCC(C)(C)C[C@H]1C1=CC[C@@H]3[C@@]4(C)C=CC(=O)C(C)(C)[C@@H]4CC[C@@]3(C)[C@]1(C)CC2,25000.0,inactive
CHEMBL4215902,COC(=O)[C@]12CCC(C)(C)C[C@H]1C1=CC[C@@H]3[C@@]4(C)C=C(Br)C(=O)C(C)(C)[C@@H]4CC[C@@]3(C)[C@]1(C)CC2,25000.0,inactive
CHEMBL4212101,COC(=O)[C@]12CCC(C)(C)C[C@H]1C1=CC[C@@H]3[C@@]4(C)C=C(I)C(=O)C(C)(C)[C@@H]4CC[C@@]3(C)[C@]1(C)CC2,25000.0,inactive
CHEMBL4209008,COC(=O)[C@]12CCC(C)(C)C[C@H]1C1=CC[C@@H]3[C@@]4(C)C=C(c5ccc(C#N)cc5)C(=O)C(C)(C)[C@@H]4CC[C@@]3(C)[C@]1(C)CC2,25000.0,inactive
CHEMBL4205263,COC(=O)[C@]12CCC(C)(C)C[C@H]1C1=CC[C@@H]3[C@@]4(C)C=C(c5ccccc5)C(=O)C(C)(C)[C@@H]4CC[C@@]3(C)[C@]1(C)CC2,25000.0,inactive
CHEMBL4208824,COC(=O)[C@]12CCC(C)(C)C[C@H]1C1=CC[C@@H]3[C@@]4(C)C=C(c5ccc(OC)cc5)C(=O)C(C)(C)[C@@H]4CC[C@@]3(C)[C@]1(C)CC2,25000.0,inactive
CHEMBL4213753,COC(=O)[C@]12CCC(C)(C)C[C@H]1C1=CC[C@@H]3[C@@]4(C)C=C(C#Cc5ccccc5)C(=O)C(C)(C)[C@@H]4CC[C@@]3(C)[C@]1(C)CC2,25000.0,inactive
CHEMBL4209967,CCOC(=O)/C=C/C1=C[C@]2(C)[C@H]3CC=C4[C@@H]5CC(C)(C)CC[C@]5(C(=O)OC)CC[C@@]4(C)[C@]3(C)CC[C@H]2C(C)(C)C1=O,25000.0,inactive
CHEMBL4211885,COC(=O)[C@]12CCC(C)(C)C[C@H]1C1=CC[C@@H]3[C@@]4(C)C=C(C(=O)O)C(=O)C(C)(C)[C@@H]4CC[C@@]3(C)[C@]1(C)CC2,25740.0,inactive
CHEMBL4215072,COC(=O)C1=C[C@]2(C)[C@H]3CC=C4[C@@H]5CC(C)(C)CC[C@]5(C(=O)OC)CC[C@@]4(C)[C@]3(C)CC[C@H]2C(C)(C)C1=O,25000.0,inactive
CHEMBL4210989,COC(=O)[C@]12CCC(C)(C)C[C@H]1C1=CC[C@@H]3[C@@]4(C)C=C(OC(C)=O)C(=O)C(C)(C)[C@@H]4CC[C@@]3(C)[C@]1(C)CC2,25000.0,inactive
CHEMBL465843,COc1cc(/C=C/C(=O)N2CCC=CC2=O)cc(OC)c1OC,7000.0,active
CHEMBL4227152,C=C(C)C(=O)N(Cc1ccc(Br)cc1)C(=O)/C=C/c1cc(OC)c(OC)c(OC)c1,10000.0,inactive
CHEMBL4462450,O=C1C(N[C@H](Cc2ccccc2)C(=O)Nc2cccc(C(F)(F)F)c2)=C/C(=N/O)c2ccccc21,990.0,active
CHEMBL4445234,O=C1C(N[C@H](Cc2ccccc2)C(=O)Nc2ccc(C(F)(F)F)cc2)=C/C(=N/O)c2ccccc21,640.0,active
CHEMBL4562766,COc1cccc(CNc2nc(NC(=O)c3ccccc3OC)nc3[nH]cnc23)c1,9130.0,active
CHEMBL4474543,O=C(Nc1nc(NCc2ccc(Cl)cc2)c2nc[nH]c2n1)c1ccccc1,2280.0,active
CHEMBL4544192,Cc1cccc(CNc2nc(NC(=O)c3ccccc3)nc3[nH]cnc23)c1,5070.0,active
CHEMBL4588270,COc1ccccc1C(=O)Nc1nc(N2CCOCC2)c2nc[nH]c2n1,15140.0,inactive
CHEMBL4460408,O=C(Nc1nc(N2CCOCC2)c2nc[nH]c2n1)c1ccccc1,13020.0,inactive
CHEMBL4553306,O=C(Nc1nc(N2CCOCC2)c2nc[nH]c2n1)C1CCCCC1,23980.0,inactive
CHEMBL1651691,O=C(O)Cn1cnc2c(N3CCOCC3)nc(NC(=O)C3CCCCC3)nc21,34540.0,inactive
CHEMBL392591,C[C@H](O)c1cc2c(o1)C(=O)c1cccc(O)c1C2=O,2000.0,active
CHEMBL64130,CC(=O)c1cc2c(o1)C(=O)c1ccccc1C2=O,1000.0,active
CHEMBL611361,CC(=O)c1cc2c(o1)C(=O)c1cccc(O)c1C2=O,2000.0,active
CHEMBL4635140,C[C@H](O)c1cc2c(o1)C(=O)c1ccccc1C2=O,1000.0,active
CHEMBL4080826,CCc1ccc(Nc2nc3cc(NC(=O)c4ccccc4)ccc3o2)cc1,5800.0,active
CHEMBL4068283,CCc1ccc(Nc2nc3cc(N)ccc3o2)cc1,18900.0,inactive
CHEMBL4741333,O=C(NO)c1ccc(N(Cc2ccc(C3CCCCC3)cc2)C(=O)[C@H]2CCN2S(=O)(=O)c2c(F)c(F)c(F)c(F)c2F)cc1,2510.0,active
CHEMBL4764216,O=C(NO)c1ccc(N(Cc2ccc(C3CCCC3)cc2)C(=O)[C@H]2CCN2S(=O)(=O)c2c(F)c(F)c(F)c(F)c2F)cc1,2250.0,active
CHEMBL4791146,O=C(NO)c1ccc(N(Cc2ccc(C3CCOCC3)cc2)C(=O)[C@H]2CCN2S(=O)(=O)c2c(F)c(F)c(F)c(F)c2F)cc1,2920.0,active
CHEMBL4747080,O=C(NO)c1ccc(N(Cc2ccc(C3CCCCC3)cc2)C(=O)[C@H]2CCN2S(=O)(=O)c2c(F)c(F)c(F)c(F)c2F)cc1O,1320.0,active
CHEMBL4777307,O=C(NO)c1ccc(N(Cc2ccc(C3CCOCC3)cc2)C(=O)[C@H]2CCN2S(=O)(=O)c2c(F)c(F)c(F)c(F)c2F)cc1O,2070.0,active
CHEMBL4751861,O=C(NO)c1ccc(N(Cc2ccc(C3CCCCC3)cc2)C(=O)[C@H]2CCN2S(=O)(=O)c2c(F)c(F)c(F)c(F)c2F)c(F)c1,1750.0,active
CHEMBL4742236,CC(C)(C)c1ccc(CN(C(=O)[C@H]2CCN2S(=O)(=O)c2c(F)c(F)c(F)c(F)c2F)c2ccc(C(=O)NO)cc2F)cc1,3960.0,active
CHEMBL4780756,O=C(NO)c1cc(F)c(N(Cc2ccc(C3CCOCC3)cc2)C(=O)[C@H]2CCN2S(=O)(=O)c2c(F)c(F)c(F)c(F)c2F)cc1O,2110.0,active
CHEMBL4789779,O=C(NO)c1ccc(N(Cc2ccc(C3CCCCC3)cn2)C(=O)[C@H]2CCN2S(=O)(=O)c2c(F)c(F)c(F)c(F)c2F)cc1O,340.0,active
CHEMBL4751709,CONC(=O)c1ccc(N(Cc2ccc(C3CCCCC3)cn2)C(=O)[C@H]2CCN2S(=O)(=O)c2c(F)c(F)c(F)c(F)c2F)cc1O,510.0,active
CHEMBL4796258,CONC(=O)c1ccc(N(Cc2ccc(C3CCCCC3)cn2)C(=O)[C@H]2CCN2S(=O)(=O)c2c(F)c(F)c(F)c(F)c2F)c(F)c1,1960.0,active
CHEMBL4776532,O=C(NO)c1ccc(N(Cc2ccc(C3CCCCC3)cn2)C(=O)[C@H]2CCN2S(=O)(=O)c2c(F)c(F)c(F)c(F)c2F)c(F)c1,890.0,active
CHEMBL4794312,O=C(NO)c1ccc(N(Cc2ccc(C3CCCC3)cn2)C(=O)[C@H]2CCN2S(=O)(=O)c2c(F)c(F)c(F)c(F)c2F)c(F)c1,1940.0,active
CHEMBL4751026,NC(=O)c1ccc(N(Cc2ccc(C3CCCCC3)cn2)C(=O)[C@H]2CCN2S(=O)(=O)c2c(F)c(F)c(F)c(F)c2F)c(F)c1,2000.0,active
CHEMBL4757739,CNC(=O)c1ccc(N(Cc2ccc(C3CCCCC3)cn2)C(=O)[C@H]2CCN2S(=O)(=O)c2c(F)c(F)c(F)c(F)c2F)c(F)c1,1910.0,active
CHEMBL4756412,NC(=O)c1ccc(N(Cc2ccc(C3CCCCC3)cn2)C(=O)[C@H]2CCN2S(=O)(=O)c2c(F)c(F)c(F)c(F)c2F)cc1O,660.0,active
CHEMBL4753131,CNC(=O)c1ccc(N(Cc2ccc(C3CCCCC3)cn2)C(=O)[C@H]2CCN2S(=O)(=O)c2c(F)c(F)c(F)c(F)c2F)cc1O,770.0,active
CHEMBL4778902,CN(C)C(=O)c1ccc(N(Cc2ccc(C3CCCCC3)cn2)C(=O)[C@H]2CCN2S(=O)(=O)c2c(F)c(F)c(F)c(F)c2F)cc1O,1720.0,active
CHEMBL4741716,O=C(NO)c1ccc(N(Cc2cnc(C3CCCCC3)cn2)C(=O)[C@H]2CCN2S(=O)(=O)c2c(F)c(F)c(F)c(F)c2F)cc1O,530.0,active
CHEMBL4788811,O=C(NO)c1ccc(N(Cc2cnc(C3CCCCC3)cn2)C(=O)[C@H]2CCN2S(=O)(=O)c2c(F)c(F)c(F)c(F)c2F)c(F)c1,2000.0,active
CHEMBL4789855,CNC(=O)c1ccc(N(Cc2cnc(C3CCCCC3)cn2)C(=O)[C@H]2CCN2S(=O)(=O)c2c(F)c(F)c(F)c(F)c2F)cc1O,1900.0,active
CHEMBL4776822,O=C([C@H]1CCN1S(=O)(=O)c1c(F)c(F)c(F)c(F)c1F)N(Cc1ccc(C2CCCCC2)cc1)c1ccc2c(=O)[nH]ccc2c1,1870.0,active
CHEMBL4754768,O=C([C@H]1CCN1S(=O)(=O)c1c(F)c(F)c(F)c(F)c1F)N(Cc1ccc(C2CCCCC2)cn1)c1ccc2c(=O)[nH]ccc2c1,790.0,active
CHEMBL4753190,Cn1ccc2cc(N(Cc3ccc(C4CCCCC4)cn3)C(=O)[C@H]3CCN3S(=O)(=O)c3c(F)c(F)c(F)c(F)c3F)ccc2c1=O,870.0,active
CHEMBL4780563,O=C([C@H]1CCN1S(=O)(=O)c1c(F)c(F)c(F)c(F)c1F)N(Cc1ccc(C2CCCCC2)cc1)c1ccc2c(=O)[nH]ncc2c1,1800.0,active
CHEMBL4744538,O=C([C@H]1CCN1S(=O)(=O)c1c(F)c(F)c(F)c(F)c1F)N(Cc1cnc(C2CCCCC2)cn1)c1ccc2c(=O)[nH]ncc2c1,2450.0,active
CHEMBL4764925,O=C([C@H]1CCN1S(=O)(=O)c1c(F)c(F)c(F)c(F)c1F)N(Cc1ccc(C2CCCCC2)cn1)c1ccc2c(=O)[nH]cnc2c1,980.0,active
CHEMBL4795749,Cn1cnc2cc(N(Cc3ccc(C4CCCCC4)cn3)C(=O)[C@H]3CCN3S(=O)(=O)c3c(F)c(F)c(F)c(F)c3F)ccc2c1=O,1150.0,active
CHEMBL4746240,O=C([C@H]1CCN1S(=O)(=O)c1c(F)c(F)c(F)c(F)c1F)N(Cc1cnc(C2CCCCC2)cn1)c1ccc2c(=O)[nH]cnc2c1,1470.0,active
CHEMBL4749034,O=C1NCc2cc(N(Cc3ccc(C4CCCCC4)cn3)C(=O)[C@H]3CCN3S(=O)(=O)c3c(F)c(F)c(F)c(F)c3F)ccc21,640.0,active
CHEMBL4758808,O=C1NCc2cc(N(Cc3ccc(C4CCCCC4)cn3)C(=O)[C@H]3CCN3S(=O)(=O)c3c(F)c(F)c(F)c(F)c3F)c(F)cc21,1090.0,active
CHEMBL4787896,O=C1NC(=O)c2cc(N(Cc3ccc(C4CCCCC4)cn3)C(=O)[C@H]3CCN3S(=O)(=O)c3c(F)c(F)c(F)c(F)c3F)ccc21,1180.0,active
CHEMBL4749638,O=C([C@H]1CCN1S(=O)(=O)c1c(F)c(F)c(F)c(F)c1F)N(Cc1ccc(C2CCCCC2)cc1)c1cc2[nH]ncc2cc1F,1900.0,active
CHEMBL4764228,O=C([C@H]1CCN1S(=O)(=O)c1c(F)c(F)c(F)c(F)c1F)N(Cc1ccc(C2CCCCC2)cc1)c1ccc2cn[nH]c2c1F,2960.0,active
CHEMBL4750471,O=C([C@H]1CCN1S(=O)(=O)c1c(F)c(F)c(F)c(F)c1F)N(Cc1ccc(C2CCCCC2)cn1)c1cc2[nH]ncc2cc1F,1800.0,active
CHEMBL4762052,O=C([C@H]1CCN1S(=O)(=O)c1c(F)c(F)c(F)c(F)c1F)N(Cc1cnc(C2CCCCC2)cn1)c1cc2[nH]ncc2cc1F,1420.0,active
CHEMBL4761979,O=C([C@H]1CCN1S(=O)(=O)c1c(F)c(F)c(F)c(F)c1F)N(Cc1ccc(C2CCCCC2)cc1)c1ccc2nc[nH]c2c1,2350.0,active
CHEMBL4782959,O=C([C@H]1CCN1S(=O)(=O)c1c(F)c(F)c(F)c(F)c1F)N(Cc1ccc(C2CCCCC2)cn1)c1ccc2nn[nH]c2c1,610.0,active
CHEMBL4782417,O=C([C@H]1CCN1S(=O)(=O)c1c(F)c(F)c(F)c(F)c1F)N(Cc1cnc(C2CCCCC2)cn1)c1ccc2nn[nH]c2c1,630.0,active
CHEMBL4740526,O=C1CCC(N2C(=O)c3cccc(NCCNC(=O)c4cc5c(o4)C(=O)c4ccccc4C5=O)c3C2=O)C(=O)N1,15300.0,inactive
CHEMBL4799977,O=C1CCC(N2C(=O)c3cccc(NCCCCCNC(=O)c4cc5c(o4)C(=O)c4ccccc4C5=O)c3C2=O)C(=O)N1,4600.0,active
CHEMBL4764758,O=C1CCC(N2C(=O)c3cccc(NCCOCCOCCOCCNC(=O)c4cc5c(o4)C(=O)c4ccccc4C5=O)c3C2=O)C(=O)N1,2600.0,active
CHEMBL4798831,O=C1CCC(N2C(=O)c3cccc(NCCOCCOCCOCCOCCNC(=O)c4cc5c(o4)C(=O)c4ccccc4C5=O)c3C2=O)C(=O)N1,2700.0,active
CHEMBL4784693,O=C1CCC(N2C(=O)c3cccc(NCCOCCOCCOCCOCCOCCOCCNC(=O)c4cc5c(o4)C(=O)c4ccccc4C5=O)c3C2=O)C(=O)N1,2500.0,active
CHEMBL4750508,O=C1CCC(N2C(=O)c3cccc(NCCCCCC4CCN(CCNC(=O)c5cc6c(o5)C(=O)c5ccccc5C6=O)CC4)c3C2=O)C(=O)N1,900.0,active
CHEMBL4778227,O=C1CCC(N2C(=O)c3cccc(C#CCCCNC(=O)c4cc5c(o4)C(=O)c4ccccc4C5=O)c3C2=O)C(=O)N1,4200.0,active
CHEMBL4755621,O=C1CCC(N2C(=O)c3cccc(OCCCCNC(=O)c4cc5c(o4)C(=O)c4ccccc4C5=O)c3C2=O)C(=O)N1,5700.0,active
CHEMBL4747694,O=C(COc1cccc2c1C(=O)N(C1CCC(=O)NC1=O)C2=O)NCCCCNC(=O)c1cc2c(o1)C(=O)c1ccccc1C2=O,10300.0,inactive
CHEMBL4763009,O=C1CCC(N2Cc3c(NCCOCCOCCNC(=O)c4cc5c(o4)C(=O)c4ccccc4C5=O)cccc3C2=O)C(=O)N1,10900.0,inactive
CHEMBL4754316,CN1C(=O)CCC(N2C(=O)c3cccc(NCCCCCC4CCN(CCNC(=O)c5cc6c(o5)C(=O)c5ccccc5C6=O)CC4)c3C2=O)C1=O,1700.0,active
CHEMBL4750213,Cc1ncsc1-c1ccc(CNC(=O)[C@@H]2C[C@@H](O)CN2C(=O)[C@@H](NC(=O)COCCOCCNC(=O)c2cc3c(o2)C(=O)c2ccccc2C3=O)C(C)(C)C)cc1,11400.0,inactive
CHEMBL4788753,Cc1ncsc1-c1ccc(CNC(=O)[C@@H]2C[C@@H](O)CN2C(=O)[C@@H](NC(=O)COCCNC(=O)c2cc3c(o2)C(=O)c2ccccc2C3=O)C(C)(C)C)cc1,30000.0,inactive
CHEMBL4779722,O=C1CCC(N2C(=O)c3ccc(NCCOCCOCCNC(=O)c4cc5c(o4)C(=O)c4ccccc4C5=O)cc3C2=O)C(=O)N1,3400.0,active
CHEMBL1401,CC(=O)Oc1ccccc1C(=O)Nc1ncc([N+](=O)[O-])s1,9800.0,active
CHEMBL1545,O=C(Nc1ncc([N+](=O)[O-])s1)c1ccccc1O,8900.0,active
CHEMBL1241146,Cc1cccc(C(=O)Nc2ncc([N+](=O)[O-])s2)c1O,4600.0,active
CHEMBL1241243,Cc1ccc(C(=O)Nc2ncc([N+](=O)[O-])s2)c(O)c1,2300.0,active
CHEMBL407907,Cc1ccc(O)c(C(=O)Nc2ncc([N+](=O)[O-])s2)c1,3600.0,active
CHEMBL4746874,O=C(Nc1ncc([N+](=O)[O-])s1)c1cccc(Cl)c1,3000.0,active
CHEMBL4759118,O=C(Nc1ncc([N+](=O)[O-])s1)c1ccc(Cl)cc1,1500.0,active
CHEMBL4746255,O=C(Nc1ncc([N+](=O)[O-])s1)c1ccc(C(F)(F)F)cc1,700.0,active
CHEMBL4790657,[N-]=[N+]=Nc1ccc(C(=O)Nc2ncc([N+](=O)[O-])s2)cc1,2500.0,active
CHEMBL4752864,O=C(Nc1ncc([N+](=O)[O-])s1)c1ccc(Cl)c(Cl)c1,800.0,active
CHEMBL1923234,C[C@H](NC(=O)/C(C#N)=C/c1cccc(Br)n1)c1ccccc1,2500.0,active
CHEMBL4789066,O=C1c2ccccc2C(=O)c2cc(S(=O)(=O)Nc3ccc(O)cc3)ccc21,12500.0,inactive
CHEMBL4747318,C=CCn1c(SCC(=O)Nc2ccc(/C(C)=N\O)cc2)nnc1-c1cc(-c2ccccc2)nc2ccccc12,320.0,active
CHEMBL4740393,C=CCn1c(SCC(=O)Nc2ccc(/C(C)=N\O)cc2)nnc1-c1cc(-c2ccc(Cl)cc2)nc2ccccc12,250.0,active
CHEMBL4792549,COc1ccc2nc(-c3ccc(Cl)cc3)cc(-c3nnc(SCC(=O)Nc4ccc(/C(C)=N\O)cc4)n3-c3ccccc3)c2c1,54000.0,inactive
CHEMBL4757551,CC(C)C[C@H](NC(=O)[C@H](Cc1ccc(OP(=O)(O)O)cc1)NC(=O)CNC(=O)CCNC(=O)CCNC(=O)CC[C@@H]1NC(=O)[C@@H](CCCNC(=N)N)NC(=O)[C@H](CCCNC(=N)N)NC(=O)[C@@H](CCCNC(=N)N)NC(=O)[C@H](CCCNC(=N)N)NC(=O)[C@H](Cc2ccc3ccccc3c2)NC(=O)[C@@H](Cc2ccccc2)NC(=O)[C@H](Cc2ccccc2)NC1=O)C(=O)N1CCC[C@H]1C(=O)N[C@@H](CCC(N)=O)C(=O)N[C@H](C(=O)N[C@H](C(N)=O)C(C)C)[C@@H](C)O,410.0,active
CHEMBL4739963,CC(C)C[C@H](NC(=O)[C@H](Cc1ccc(C(F)(F)P(=O)(O)O)cc1)NC(=O)CNC(=O)CCNC(=O)CCNC(=O)CC[C@@H]1NC(=O)[C@@H](CCCNC(=N)N)NC(=O)[C@H](CCCNC(=N)N)NC(=O)[C@@H](CCCNC(=N)N)NC(=O)[C@H](CCCNC(=N)N)NC(=O)[C@H](Cc2ccc3ccccc3c2)NC(=O)[C@@H](Cc2ccccc2)NC(=O)[C@H](Cc2ccccc2)NC1=O)C(=O)N1CCC[C@H]1C(=O)N[C@@H](CCC(N)=O)C(=O)N[C@H](C(=O)N[C@H](C(N)=O)C(C)C)[C@@H](C)O,7100.0,active
CHEMBL4748862,CC(=O)N[C@@H](Cc1ccc(OP(=O)(O)O)cc1)C(=O)O,610.0,active
CHEMBL4790675,CC(=O)c1cc2c(o1)C(=O)C(Nc1ccccc1C)=CC2=O,5550.0,active
CHEMBL4793965,COc1ccc(NC2=CC(=O)c3cc(C(C)=O)oc3C2=O)cc1,5180.0,active
CHEMBL4875020,CC(C)(C)OC(=O)c1ccc(NC(=O)c2cccc(S(N)(=O)=O)c2)cc1,920.0,active
CHEMBL4850967,COc1cc(NC(=O)c2ccc(Cl)c(S(N)(=O)=O)c2)cc(OC)c1OC,720.0,active
CHEMBL4860361,CC(C)(C)OC(=O)c1ccc(NC(=O)c2ccc(Cl)c(S(N)(=O)=O)c2)cc1,230.0,active
CHEMBL4879356,CCCC(C)Oc1ccc(C(=O)Nc2ccc3nc(SCC(=O)N[C@@H](C)c4ccccc4)sc3c2)cc1C,950.0,active
CHEMBL4857762,CCCC(C)Oc1ccc(C(=O)Nc2ccc3nc(SCC(=O)N[C@@H](C)c4ccccc4)sc3c2)cc1OC,1420.0,active
CHEMBL4862472,CCCC(C)Oc1ccc(C(=O)Nc2ccc3nc(SCC(=O)N[C@@H](C)c4ccccc4)sc3c2)cc1F,10000.0,inactive
CHEMBL4877798,CCCC(C)Oc1ccc(C(=O)Nc2ccc3nc(SCC(=O)N[C@@H](C)c4ccccc4)sc3c2)cc1Cl,10000.0,inactive
CHEMBL4872578,CCCC(C)Oc1ccc(C(=O)Nc2ccc3nc(SCC(=O)N[C@@H](C)c4ccccc4)sc3c2)cc1Br,2150.0,active
CHEMBL4869347,CCCC(C)Oc1ccc(C(=O)Nc2ccc3nc(SCC(=O)N[C@@H](C)c4ccccc4)sc3c2)cc1C#N,10000.0,inactive
CHEMBL4876198,CCCC(C)Oc1ccc(C(=O)Nc2ccc3nc(SCC(=O)N[C@@H](C)c4ccccc4)sc3c2)cc1CC,10000.0,inactive
CHEMBL4851011,CCCc1cc(C(=O)Nc2ccc3nc(SCC(=O)N[C@@H](C)c4ccccc4)sc3c2)ccc1OC(C)CCC,10000.0,inactive
CHEMBL4857837,CCCC(C)Oc1ccc(C(=O)Nc2ccc3nc(SCC(=O)N[C@@H](C)c4ccccc4)sc3c2)cc1C(F)(F)F,10000.0,inactive
CHEMBL4867390,CCCC(C)Oc1ccc(C(=O)Nc2ccc3nc(SCC(=O)N[C@@H](C)c4ccccc4)sc3c2)c(C)c1,2720.0,active
CHEMBL4854985,CCCC(C)Oc1ccc(C(=O)Nc2ccc3nc(SCC(=O)N[C@@H](C)c4ccccc4)sc3c2)c(OC)c1,2200.0,active
CHEMBL4852577,CCCC(C)Oc1ccc(C(=O)Nc2ccc3nc(SCC(=O)N[C@@H](C)c4ccccc4)sc3c2)c(F)c1,10000.0,inactive
CHEMBL4846514,CCCC(C)Oc1ccc(C(=O)Nc2ccc3nc(SCC(=O)N[C@@H](C)c4ccccc4)sc3c2)c(Cl)c1,1340.0,active
CHEMBL4878746,CCCC(C)Oc1ccc(C(=O)Nc2ccc3nc(SCC(=O)N[C@@H](C)c4ccccc4)sc3c2)c(F)c1F,10000.0,inactive
CHEMBL2380760,NS(=O)(=O)c1cccc2c1C(=O)c1cccc(O)c1C2=O,98.0,active
CHEMBL4869871,CCC[C@@H](C)Oc1ccc(C(=O)Nc2ccc3nc(SCC(=O)N[C@@H](C)c4ccccc4)sc3c2)cc1C,900.0,active
CHEMBL4878780,CCC[C@H](C)Oc1ccc(C(=O)Nc2ccc3nc(SCC(=O)N[C@@H](C)c4ccccc4)sc3c2)cc1C,1200.0,active
CHEMBL4873424,CCCC(C)Oc1ccc(C(=O)Nc2ccc3nc(SCC(=O)N[C@@H](C)c4ccccc4)sc3c2)c(C)c1C,460.0,active
CHEMBL4864495,CCCC(C)Oc1ccc(C(=O)Nc2ccc3nc(SCC(=O)N[C@@H](C)c4ccccc4)sc3c2)c(OC)c1C,160.0,active
CHEMBL4846365,CCCC(C)Oc1ccc(C(=O)Nc2ccc3nc(SCC(=O)N[C@@H](C)c4ccc(OC)cc4)sc3c2)c(OC)c1C,67.0,active
CHEMBL4876597,CCCC(C)Oc1ccc(C(=O)Nc2ccc3nc(SCC(=O)N[C@@H](C)c4cccc(OC)c4)sc3c2)c(OC)c1C,270.0,active
CHEMBL4864939,CCCC(C)Oc1ccc(C(=O)Nc2ccc3nc(SCC(=O)N[C@@H](C)c4ccc(O)cc4)sc3c2)c(OC)c1C,200.0,active
CHEMBL4850444,CCCC(C)Oc1ccc(C(=O)Nc2ccc3nc(SCC(=O)N[C@@H](C)c4cccc(O)c4)sc3c2)c(OC)c1C,150.0,active
CHEMBL4870012,CCCC(C)Oc1ccc(C(=O)Nc2ccc3nc(SCC(=O)N[C@@H](C)c4ccccc4O)sc3c2)c(OC)c1C,170.0,active
CHEMBL4845781,COc1ccc([C@H](C)NC(=O)CSc2nc3ccc(NC(=O)c4ccc(OCC(C)C)c(C)c4OC)cc3s2)cc1,200.0,active
CHEMBL4853904,COc1ccc([C@H](C)NC(=O)CSc2nc3ccc(NC(=O)c4ccc(OC(C)C)c(C)c4OC)cc3s2)cc1,220.0,active
CHEMBL4846651,COc1ccc([C@H](C)NC(=O)CSc2nc3ccc(NC(=O)c4ccc(OC)c(C)c4OC)cc3s2)cc1,120.0,active
CHEMBL4860381,COCCOc1ccc(C(=O)Nc2ccc3nc(SCC(=O)N[C@@H](C)c4ccc(OC)cc4)sc3c2)c(OC)c1C,260.0,active
CHEMBL4848153,COc1ccc([C@H](C)NC(=O)CSc2nc3ccc(NC(=O)c4ccc(OCCN5CCCC5)c(C)c4OC)cc3s2)cc1,1030.0,active
CHEMBL4862807,COc1ccc([C@H](C)NC(=O)CSc2nc3ccc(NC(=O)c4ccc(OCCN(C)C)c(C)c4OC)cc3s2)cc1,520.0,active
CHEMBL4878402,COc1ccc([C@H](C)NC(=O)CSc2nc3ccc(NC(=O)c4ccc(OCCN5CCOCC5)c(C)c4OC)cc3s2)cc1,240.0,active
CHEMBL4858152,COc1ccc([C@H](C)NC(=O)CNc2nc3ccc(NC(=O)c4ccc(OC)c(C)c4OC)cc3s2)cc1,1490.0,active
CHEMBL4870080,COc1ccc([C@H](C)NC(=O)COc2nc3ccc(NC(=O)c4ccc(OC)c(C)c4OC)cc3s2)cc1,8860.0,active
CHEMBL4846078,CC(=O)C1=CC2C(=O)c3ccccc3C(=O)C2O1,840.0,active
CHEMBL5208945,CCN1CCN(C(=O)c2cc3ccc(Oc4cnc(-c5nc(-c6ccc(C(F)(F)F)cc6)no5)cn4)cc3n2C)CC1,1110.5,active
CHEMBL5198840,CCCN1CCN(C(=O)c2cc3ccc(Oc4cnc(-c5nc(-c6ccc(C(F)(F)F)cc6)no5)cn4)cc3n2C)CC1,800.5,active
CHEMBL5197245,CN1CCN(C(=O)c2cc3ccc(Oc4cnc(-c5nc(-c6ccc(C(F)(F)F)cc6)no5)cn4)cc3n2C)CC1,1000.0,active
CHEMBL5169452,COC(=O)CN1CCN(C(=O)c2cc3ccc(Oc4cnc(-c5nc(-c6ccc(C(F)(F)F)cc6)no5)cn4)cc3n2C)CC1,1000.0,active
CHEMBL5169741,Cn1c(C(=O)N2CCN(C(=O)CCl)CC2)cc2ccc(Oc3cnc(-c4nc(-c5ccc(C(F)(F)F)cc5)no4)cn3)cc21,1000.0,active
CHEMBL5171613,Cn1c(C(=O)N2CCN(C(=O)c3ccc(OCC(F)(F)F)cc3)CC2)cc2ccc(Oc3cnc(-c4nc(-c5ccc(C(F)(F)F)cc5)no4)cn3)cc21,1000.0,active
CHEMBL5182652,Cn1c(C(=O)N2CCN(C(=O)c3ccc(C(F)(F)F)cc3)CC2)cc2ccc(Oc3cnc(-c4nc(-c5ccc(C(F)(F)F)cc5)no4)cn3)cc21,1000.0,active
CHEMBL5179803,Cn1c(C(=O)N2CCN(CCc3ccccc3)CC2)cc2ccc(Oc3cnc(-c4nc(-c5ccc(C(F)(F)F)cc5)no4)cn3)cc21,595.1,active
CHEMBL5199129,Cc1ccc(CN2CCN(C(=O)c3cc4ccc(Oc5cnc(-c6nc(-c7ccc(C(F)(F)F)cc7)no6)cn5)cc4n3C)CC2)cc1,491.7,active
CHEMBL5193538,Cn1c(C(=O)N2CCN(Cc3ccc(C(F)(F)F)cc3)CC2)cc2ccc(Oc3cnc(-c4nc(-c5ccc(C(F)(F)F)cc5)no4)cn3)cc21,72.4,active
CHEMBL5182559,Cn1c(C(=O)N2CCN(Cc3ccc(F)cc3)CC2)cc2ccc(Oc3cnc(-c4nc(-c5ccc(C(F)(F)F)cc5)no4)cn3)cc21,426.6,active
CHEMBL5199213,Cn1c(C(=O)N2CCN(Cc3ccc(Cl)cc3)CC2)cc2ccc(Oc3cnc(-c4nc(-c5ccc(C(F)(F)F)cc5)no4)cn3)cc21,649.2,active
CHEMBL5181349,Cn1c(C(=O)N2CCN(Cc3ccc(Br)cc3)CC2)cc2ccc(Oc3cnc(-c4nc(-c5ccc(C(F)(F)F)cc5)no4)cn3)cc21,835.5,active
CHEMBL5206754,COc1ccc(CN2CCN(C(=O)c3cc4ccc(Oc5cnc(-c6nc(-c7ccc(C(F)(F)F)cc7)no6)cn5)cc4n3C)CC2)cc1,63.6,active
CHEMBL5201590,Cn1c(C(=O)N2CCN(Cc3ccc(OC(F)(F)F)cc3)CC2)cc2ccc(Oc3cnc(-c4nc(-c5ccc(C(F)(F)F)cc5)no4)cn3)cc21,76.1,active
CHEMBL5178622,Cn1c(C(=O)N2CCN(Cc3ccc(OCC(F)(F)F)cc3)CC2)cc2ccc(Oc3cnc(-c4nc(-c5ccc(C(F)(F)F)cc5)no4)cn3)cc21,22.3,active
CHEMBL5206929,Cn1c(C(=O)N2CCN(Cc3cccc(OCC(F)(F)F)c3)CC2)cc2ccc(Oc3cnc(-c4nc(-c5ccc(C(F)(F)F)cc5)no4)cn3)cc21,1000.0,active
CHEMBL5178714,Cn1c(C(=O)N2CCN(Cc3ccccc3OCC(F)(F)F)CC2)cc2ccc(Oc3cnc(-c4nc(-c5ccc(C(F)(F)F)cc5)no4)cn3)cc21,1000.0,active
CHEMBL5209852,Cn1c(C(=O)N2CCN(Cc3cccc(C(F)(F)F)c3)CC2)cc2ccc(Oc3cnc(-c4nc(-c5ccc(C(F)(F)F)cc5)no4)cn3)cc21,1000.0,active
CHEMBL5178178,Cc1cccc(CN2CCN(C(=O)c3cc4ccc(Oc5cnc(-c6nc(-c7ccc(C(F)(F)F)cc7)no6)cn5)cc4n3C)CC2)c1,1000.0,active
CHEMBL5201252,Cn1c(C(=O)N2CCN(Cc3ccc(OCC(F)(F)F)c(F)c3)CC2)cc2ccc(Oc3cnc(-c4nc(-c5ccc(C(F)(F)F)cc5)no4)cn3)cc21,101.3,active
CHEMBL5176872,COc1ccc(CN2CCN(C(=O)c3cc4ccc(Oc5cnc(-c6nc(-c7ccc(C(F)(F)F)cc7)no6)cn5)cc4n3C)CC2)cc1F,133.7,active
CHEMBL5184385,O=C(c1cc2ccc(Oc3cnc(-c4nc(-c5ccc(C(F)(F)F)cc5)no4)cn3)cc2[nH]1)N1CCN(Cc2ccc(OCC(F)(F)F)cc2)CC1,30.5,active
CHEMBL5170042,CCn1c(C(=O)N2CCN(Cc3ccc(OCC(F)(F)F)cc3)CC2)cc2ccc(Oc3cnc(-c4nc(-c5ccc(C(F)(F)F)cc5)no4)cn3)cc21,167.3,active
CHEMBL5179525,CCCn1c(C(=O)N2CCN(Cc3ccc(OCC(F)(F)F)cc3)CC2)cc2ccc(Oc3cnc(-c4nc(-c5ccc(C(F)(F)F)cc5)no4)cn3)cc21,613.0,active
CHEMBL5185180,C=CCn1c(C(=O)N2CCN(Cc3ccc(OCC(F)(F)F)cc3)CC2)cc2ccc(Oc3cnc(-c4nc(-c5ccc(C(F)(F)F)cc5)no4)cn3)cc21,1000.0,active
CHEMBL5175035,COCCn1c(C(=O)N2CCN(Cc3ccc(OCC(F)(F)F)cc3)CC2)cc2ccc(Oc3cnc(-c4nc(-c5ccc(C(F)(F)F)cc5)no4)cn3)cc21,39.9,active
CHEMBL5205634,CC(C)C(=O)n1c(C(=O)N2CCN(Cc3ccc(OCC(F)(F)F)cc3)CC2)cc2ccc(Oc3cnc(-c4nc(-c5ccc(C(F)(F)F)cc5)no4)cn3)cc21,337.2,active
CHEMBL5177234,COC(=O)Cn1c(C(=O)N2CCN(Cc3ccc(OCC(F)(F)F)cc3)CC2)cc2ccc(Oc3cnc(-c4nc(-c5ccc(C(F)(F)F)cc5)no4)cn3)cc21,1000.0,active
CHEMBL5181464,CCOC(=O)Cn1c(C(=O)N2CCN(Cc3ccc(OCC(F)(F)F)cc3)CC2)cc2ccc(Oc3cnc(-c4nc(-c5ccc(C(F)(F)F)cc5)no4)cn3)cc21,1000.0,active
CHEMBL5170230,O=C(c1cc2ccc(Oc3cnc(-c4nc(-c5ccc(C(F)(F)F)cc5)no4)cn3)cc2n1Cc1ccccc1)N1CCN(Cc2ccc(OCC(F)(F)F)cc2)CC1,1000.0,active
CHEMBL5169762,Cn1c(C(=O)N2CCN(Cc3ccc(OCC(F)(F)F)cc3)CC2)cc2ccc(Oc3cnc(-c4nc(-c5ccccc5)no4)cn3)cc21,216.5,active
CHEMBL5205645,Cn1c(C(=O)N2CCN(Cc3ccc(OCC(F)(F)F)cc3)CC2)cc2ccc(Oc3cnc(-c4nc(-c5ccc(OC(F)(F)F)cc5)no4)cn3)cc21,39.2,active
CHEMBL5177956,COc1ccc(-c2noc(-c3cnc(Oc4ccc5cc(C(=O)N6CCN(Cc7ccc(OCC(F)(F)F)cc7)CC6)n(C)c5c4)cn3)n2)cc1,5.3,active
CHEMBL5189135,Cn1c(C(=O)N2CCN(Cc3ccc(OCC(F)(F)F)cc3)CC2)cc2ccc(Oc3cnc(-c4nc(-c5ccc(Br)cc5)no4)cn3)cc21,28.1,active
CHEMBL5201419,Cn1c(C(=O)N2CCN(Cc3ccc(OCC(F)(F)F)cc3)CC2)cc2ccc(Oc3cnc(-c4nc(-c5ccc(Cl)cc5)no4)cn3)cc21,35.7,active
CHEMBL5209107,Cn1c(C(=O)N2CCN(Cc3ccc(OCC(F)(F)F)cc3)CC2)cc2ccc(Oc3cnc(-c4nc(-c5ccc(F)cc5)no4)cn3)cc21,5.9,active
CHEMBL5209399,Cn1c(C(=O)N2CCN(Cc3ccc(OCC(F)(F)F)cc3)CC2)cc2ccc(Oc3cnc(-c4nc(-c5cccc(F)c5)no4)cn3)cc21,38.3,active
CHEMBL5201151,Cn1c(C(=O)N2CCN(Cc3ccc(OCC(F)(F)F)cc3)CC2)cc2ccc(Oc3cnc(-c4nc(-c5ccccc5F)no4)cn3)cc21,13.1,active
CHEMBL5171007,COc1cccc(-c2noc(-c3cnc(Oc4ccc5cc(C(=O)N6CCN(Cc7ccc(OCC(F)(F)F)cc7)CC6)n(C)c5c4)cn3)n2)c1,19.8,active
CHEMBL5200170,COc1ccccc1-c1noc(-c2cnc(Oc3ccc4cc(C(=O)N5CCN(Cc6ccc(OCC(F)(F)F)cc6)CC5)n(C)c4c3)cn2)n1,45.5,active
CHEMBL3108910,CN(CC(=O)N(Cc1ccc(C2CCCCC2)cc1)c1ccc(C(=O)NO)cc1)S(=O)(=O)c1c(F)c(F)c(F)c(F)c1F,4700.0,active
CHEMBL3108909,CN(CC(=O)N(Cc1ccc(C2CCCCC2)cc1)c1ccc(C(=O)O)cc1)S(=O)(=O)c1c(F)c(F)c(F)c(F)c1F,3900.0,active
CHEMBL5186045,CN1CCN(C(=O)c2ccc(-c3nc(-c4ccc(C(F)(F)F)cc4)no3)nc2)CC1,2792.1,active
CHEMBL5176684,O=C(c1ccc(-c2noc(-c3ccc(C(F)(F)F)cc3)n2)cc1)N1CCN(Cc2ccc(OCC(F)(F)F)cc2)CC1,27.8,active
CHEMBL5201642,CCN1CCN(C(=O)c2ccc(-c3nc(-c4ccc(C(F)(F)F)cc4)no3)nc2)CC1,1000.0,active
CHEMBL5191288,CCCN1CCN(C(=O)c2ccc(-c3nc(-c4ccc(C(F)(F)F)cc4)no3)nc2)CC1,533.2,active
CHEMBL5208462,O=C(Cc1ccc(OC(F)(F)F)cc1)N1CCN(C(=O)c2ccc(-c3nc(-c4ccc(C(F)(F)F)cc4)no3)nc2)CC1,358.9,active
CHEMBL5196843,O=C(/C=C/c1ccc(OC(F)(F)F)cc1)N1CCN(C(=O)c2ccc(-c3nc(-c4ccc(C(F)(F)F)cc4)no3)nc2)CC1,172.7,active
CHEMBL5178438,O=C(c1ccc(OC(F)(F)F)cc1)N1CCN(C(=O)c2ccc(-c3nc(-c4ccc(C(F)(F)F)cc4)no3)nc2)CC1,1000.0,active
CHEMBL5182625,O=C(c1ccc(-c2nc(-c3ccc(C(F)(F)F)cc3)no2)nc1)N1CCN(Cc2ccc(OC(F)(F)F)cc2)CC1,63.6,active
CHEMBL5205208,O=C(c1ccc(-c2nc(-c3ccc(C(F)(F)F)cc3)no2)nc1)N1CCN(Cc2cccc(OC(F)(F)F)c2)CC1,325.4,active
CHEMBL5206737,O=C(c1ccc(-c2nc(-c3ccc(C(F)(F)F)cc3)no2)nc1)N1CCN(Cc2ccccc2OC(F)(F)F)CC1,1000.0,active
CHEMBL5182844,O=C(c1ccc(-c2nc(-c3ccc(C(F)(F)F)cc3)no2)nc1)N1CCN(Cc2ccc(OCC(F)(F)F)cc2)CC1,37.4,active
CHEMBL5207761,O=C(c1ccc(-c2nc(-c3ccc(C(F)(F)F)cc3)no2)nc1)N1CCN(Cc2cccc(OCC(F)(F)F)c2)CC1,802.5,active
CHEMBL5195196,O=C(c1ccc(-c2nc(-c3ccc(C(F)(F)F)cc3)no2)nc1)N1CCN(Cc2ccccc2OCC(F)(F)F)CC1,1000.0,active
CHEMBL5189395,N#Cc1ccc(CN2CCN(C(=O)c3ccc(-c4nc(-c5ccc(C(F)(F)F)cc5)no4)nc3)CC2)cc1,476.9,active
CHEMBL5175537,COc1ccc(CN2CCN(C(=O)c3ccc(-c4nc(-c5ccc(C(F)(F)F)cc5)no4)nc3)CC2)cc1,147.5,active
CHEMBL5191928,CC(=O)Oc1ccc(CN2CCN(C(=O)c3ccc(-c4nc(-c5ccc(C(F)(F)F)cc5)no4)nc3)CC2)cc1,305.6,active
CHEMBL5191059,Cc1ccc(CN2CCN(C(=O)c3ccc(-c4nc(-c5ccc(C(F)(F)F)cc5)no4)nc3)CC2)cc1,181.9,active
CHEMBL5177332,CC(C)(C)c1ccc(CN2CCN(C(=O)c3ccc(-c4nc(-c5ccc(C(F)(F)F)cc5)no4)nc3)CC2)cc1,88.1,active
CHEMBL5198195,Nc1ccc(CN2CCN(C(=O)c3ccc(-c4nc(-c5ccc(C(F)(F)F)cc5)no4)nc3)CC2)cc1,1000.0,active
CHEMBL5205403,O=C(c1ccc(-c2nc(-c3ccc(C(F)(F)F)cc3)no2)nc1)N1CCN(Cc2ccc(NCC(F)(F)F)cc2)CC1,1000.0,active
CHEMBL5189435,CS(=O)(=O)c1ccc(CN2CCN(C(=O)c3ccc(-c4nc(-c5ccc(C(F)(F)F)cc5)no4)nc3)CC2)cc1,272.9,active
CHEMBL5199392,O=C(c1ccc(-c2nc(-c3ccc(C(F)(F)F)cc3)no2)nc1)N1CCN(Cc2ccc(F)cc2)CC1,304.0,active
CHEMBL5199713,O=C(c1ccc(-c2nc(-c3ccc(C(F)(F)F)cc3)no2)nc1)N1CCN(Cc2ccc(Cl)cc2)CC1,108.5,active
CHEMBL5185530,O=C(c1ccc(-c2nc(-c3ccc(C(F)(F)F)cc3)no2)nc1)N1CCN(Cc2ccc(Br)cc2)CC1,40.2,active
CHEMBL5208052,O=C(c1ccc(-c2nc(-c3ccc(C(F)(F)F)cc3)no2)nc1)N1CCN(Cc2ccc(Br)c(F)c2)CC1,295.7,active
CHEMBL5186501,O=C(c1ccc(-c2nc(-c3ccc(C(F)(F)F)cc3)no2)nc1)N1CCN(Cc2ccc(Br)cc2F)CC1,564.0,active
CHEMBL5177779,O=C(c1ccc(-c2nc(-c3ccc(C(F)(F)F)cc3)no2)nc1)N1CCN(Cc2c(F)cc(Br)cc2F)CC1,1000.0,active
CHEMBL5202700,O=C(c1ccc(-c2nc(-c3cccs3)no2)nc1)N1CCN(Cc2ccc(OCC(F)(F)F)cc2)CC1,1000.0,active
CHEMBL5189463,O=C(c1ccc(-c2nc(-c3cncs3)no2)nc1)N1CCN(Cc2ccc(OCC(F)(F)F)cc2)CC1,1000.0,active
CHEMBL5202773,O=C(c1ccc(-c2nc(-c3ncccn3)no2)nc1)N1CCN(Cc2ccc(OCC(F)(F)F)cc2)CC1,1000.0,active
CHEMBL5178453,O=C(c1ccc(-c2nc(-c3ccccc3)no2)nc1)N1CCN(Cc2ccc(OCC(F)(F)F)cc2)CC1,1000.0,active
CHEMBL5204997,O=C(c1ccc(-c2nc(-c3cccc(C(F)(F)F)c3)no2)nc1)N1CCN(Cc2ccc(OCC(F)(F)F)cc2)CC1,129.7,active
CHEMBL5203423,O=C(c1ccc(-c2nc(-c3ccccc3C(F)(F)F)no2)nc1)N1CCN(Cc2ccc(OCC(F)(F)F)cc2)CC1,1000.0,active
CHEMBL5184061,O=C(c1ccc(-c2nc(-c3ccccc3F)no2)nc1)N1CCN(Cc2ccc(OCC(F)(F)F)cc2)CC1,1000.0,active
CHEMBL5199802,O=C(c1ccc(-c2nc(-c3cccc(F)c3)no2)nc1)N1CCN(Cc2ccc(OCC(F)(F)F)cc2)CC1,177.4,active
CHEMBL5189640,O=C(c1ccc(-c2nc(-c3ccc(F)cc3)no2)nc1)N1CCN(Cc2ccc(OCC(F)(F)F)cc2)CC1,123.3,active
CHEMBL5190384,O=C(c1ccc(-c2nc(-c3ccc(Cl)cc3)no2)nc1)N1CCN(Cc2ccc(OCC(F)(F)F)cc2)CC1,270.5,active
CHEMBL5189774,O=C(c1ccc(-c2nc(-c3ccc(Br)cc3)no2)nc1)N1CCN(Cc2ccc(OCC(F)(F)F)cc2)CC1,93.2,active
CHEMBL5204672,Cc1ccc(-c2noc(-c3ccc(C(=O)N4CCN(Cc5ccc(OCC(F)(F)F)cc5)CC4)cn3)n2)cc1,257.5,active
CHEMBL5170615,O=C(c1ccc(-c2nc(-c3ccc(OC(F)(F)F)cc3)no2)nc1)N1CCN(Cc2ccc(OCC(F)(F)F)cc2)CC1,60.2,active
CHEMBL5189465,COc1ccc(-c2noc(-c3ccc(C(=O)N4CCN(Cc5ccc(OCC(F)(F)F)cc5)CC4)cn3)n2)cc1,113.3,active
CHEMBL5189078,CC(C)(C)c1ccc(-c2noc(-c3ccc(C(=O)N4CCN(Cc5ccc(OCC(F)(F)F)cc5)CC4)cn3)n2)cc1,1000.0,active
CHEMBL5199234,O=C(c1ccc(-c2nc(-c3ccc(C(F)(F)F)c(F)c3)no2)nc1)N1CCN(Cc2ccc(OCC(F)(F)F)cc2)CC1,40.2,active
CHEMBL5189121,O=C(c1ccc(-c2nc(-c3ccc(C(F)(F)F)cc3C(F)(F)F)no2)nc1)N1CCN(Cc2ccc(OCC(F)(F)F)cc2)CC1,1000.0,active
CHEMBL5183263,O=C(c1ccc(-c2nc(-c3ccc(C(F)(F)F)cc3)co2)nc1)N1CCN(Cc2ccc(OCC(F)(F)F)cc2)CC1,94.1,active
CHEMBL5175861,O=C(c1ccc(-c2nc(-c3ccc(C(F)(F)F)cc3)cs2)nc1)N1CCN(Cc2ccc(OCC(F)(F)F)cc2)CC1,515.7,active
CHEMBL5200334,O=C(c1ccc(-c2cn(-c3ccc(C(F)(F)F)cc3)nn2)nc1)N1CCN(Cc2ccc(OCC(F)(F)F)cc2)CC1,112.7,active
CHEMBL5189947,O=C(c1cnc(-c2noc(-c3ccc(C(F)(F)F)cc3)n2)cn1)N1CCN(Cc2ccc(OCC(F)(F)F)cc2)CC1,58.0,active
CHEMBL5171708,O=C(c1ccc(-c2nc(-c3ccc(C(F)(F)F)cc3)no2)cn1)N1CCN(Cc2ccc(OCC(F)(F)F)cc2)CC1,75.9,active
CHEMBL5176948,O=C(c1cc(-c2nc(-c3ccc(C(F)(F)F)cc3)no2)ccn1)N1CCN(Cc2ccc(OCC(F)(F)F)cc2)CC1,32.3,active
CHEMBL5203071,O=C(c1ncccc1-c1nc(-c2ccc(C(F)(F)F)cc2)no1)N1CCN(Cc2ccc(OCC(F)(F)F)cc2)CC1,1000.0,active
CHEMBL5196490,O=C(c1cccc(-c2nc(-c3ccc(C(F)(F)F)cc3)no2)c1)N1CCN(Cc2ccc(OCC(F)(F)F)cc2)CC1,52.1,active
CHEMBL5193929,O=C(c1ccccc1-c1nc(-c2ccc(C(F)(F)F)cc2)no1)N1CCN(Cc2ccc(OCC(F)(F)F)cc2)CC1,1000.0,active
CHEMBL5182268,O=C(c1ccc(-c2nc(-c3ccc(C(F)(F)F)cc3)no2)s1)N1CCN(Cc2ccc(OCC(F)(F)F)cc2)CC1,167.3,active
CHEMBL5169556,O=C(c1ncc(-c2nc(-c3ccc(C(F)(F)F)cc3)no2)s1)N1CCN(Cc2ccc(OCC(F)(F)F)cc2)CC1,1000.0,active
CHEMBL5280147,O=S(=O)(Nc1cc(Sc2ccccc2)c(O)c2ccccc12)c1c(F)c(F)c(F)c(F)c1F,700.0,active
CHEMBL3392776,COc1ccc(S(=O)(=O)Nc2cc(-c3c(O)ccc4ccccc34)c(O)c3ccccc23)cc1,4000.0,active
CHEMBL5270588,COC(=O)[C@@]12O[C@]34[C@H]([C@@H](O)[C@@H]1O)[C@@]1(C)CC(=O)C(O)=C(C)[C@@H]1C[C@H]3OC(=O)[C@H](OC(=O)/C=C(\C)C(C)(C)OC(C)=O)[C@@H]24,0.0024,active
CHEMBL5278293,CC1=CC(=O)C(CCCCCC2=CC(=O)C(C)=CC2=O)=CC1=O,3570.0,active
CHEMBL4168135,C[C@H]1C[C@H]2OC(=O)[C@@]34O[C@@H]3CC[C@@H]([C@]1(C)CCC1=CCOC1=O)[C@@]24C,10270.0,inactive
CHEMBL5277569,COc1ccc(/C=C/C(=O)c2ccc(NC(=O)CSc3nc(-c4ccc(OC)cc4)cc(-c4ccc([N+](=O)[O-])cc4)n3)cc2)cc1,160000.0,inactive
CHEMBL5271424,COc1ccc(/C=C/C(=O)c2ccc(NC(=O)CSc3nc(-c4ccc(Cl)cc4)cc(-c4ccc([N+](=O)[O-])cc4)n3)cc2)cc1OC,113000.0,inactive
CHEMBL5267904,Clc1ccc(OCc2noc(C(Cl)(Cl)Cl)n2)c(Cl)c1,7500.0,active
CHEMBL5276064,CC(C)C[C@H](NC(=O)[C@H](Cc1ccc(OP(=O)(O)O)cc1)NC(=O)[C@@H]1CCCN1)C(=O)O,182000.0,inactive
CHEMBL5280162,CC(C)C[C@H](NC(=O)[C@H](Cc1ccc(OP(=O)(O)O)cc1)NC(=O)[C@H](C)N)C(=O)O,217000.0,inactive
CHEMBL5267613,Cc1ccc(S(=O)(=O)N(C)CC(=O)N(Cc2ccccc2)c2ccc(C(=O)O)c(O)c2)cc1,292000.0,inactive
CHEMBL5279594,Cc1ccc(S(=O)(=O)N(C)CC(=O)N(Cc2ccc(-c3ccccc3)cc2)c2ccc(C(=O)O)c(O)c2)cc1,115000.0,inactive
CHEMBL5266557,Cc1ccc(S(=O)(=O)N(C)CC(=O)N(Cc2ccc(C(C)(C)C)cc2)c2ccc(C(=O)O)c(O)c2)cc1,194000.0,inactive
CHEMBL5277946,CC(C)C[C@H](NC(=O)[C@H](Cc1ccc(OP(=O)(O)O)cc1)NC(=O)[C@@H]1CCCN1)C(=O)N[C@@H](CCCCN)C(=O)N[C@H](C(=O)N[C@@H](CCCCN)C(=O)O)[C@@H](C)O,235000.0,inactive
CHEMBL3823609,C[C@@H]1C=C2C(=O)O[C@@H]3CC[C@H](C1)[C@]23O,250.0,active
CHEMBL5275055,O=C(O)c1ccc(N2C(=O)/C(=C/c3ccc([N+](=O)[O-])cc3)C=C2c2ccccc2)cc1,20000.0,inactive
CHEMBL5276499,COc1cc(C(Nc2ccccn2)c2cc3c(cc2O)OCO3)cc(OC)c1OC,10000.0,inactive
CHEMBL4562495,C/C(=N\NC(=O)c1cccs1)c1ccc(O)cc1O,7990.0,active
CHEMBL5271752,CC(CO)C1OC(=O)C=C2C13OC3CC13COC(=O)C1(C)CC(O)CC23C,200.0,active
CHEMBL465203,COc1ccc(CC[C@@H](O)C[C@H](O)CCc2ccc(OC)c(OC)c2)cc1OC,50000.0,inactive
CHEMBL5279368,COc1ccc(CC[C@H](O)C[C@@H](O)/C=C/c2cc(OC)c(OC)c(OC)c2)cc1OC,37600.0,inactive
CHEMBL5290249,COc1ccc(/C=C/[C@H](O)C[C@@H](O)CCc2ccc(OC)c(OC)c2)cc1OC,19900.0,inactive
CHEMBL5291402,COc1ccc(/C=C/[C@@H](C[C@@H](O)CCc2ccc(OC)c(OC)c2)OC)cc1OC,12900.0,inactive
CHEMBL5276387,COc1ccc(/C=C/C(C[C@H](O)CCc2ccc(OC)c(OC)c2)OC)cc1OC,11100.0,inactive
CHEMBL5277311,COc1ccc(/C=C/C=C/C(=O)/C=C/c2ccc(O)cc2)cc1,4100.0,active
CHEMBL482608,COc1cc(/C=C/C(=O)CC(=O)CC(O)c2ccc(O)c(OC)c2)ccc1O,21500.0,inactive
CHEMBL2105759,CCS(=O)(=O)N1CC(CC#N)(n2cc(-c3ncnc4[nH]ccc34)cn2)C1,44.0,active
CHEMBL4297507,C[C@H]1CN(C(=O)CC#N)[C@]12CCN(c1ncnc3[nH]ccc13)C2,40.0,active
CHEMBL4564280,CN(C)C(=O)/C(C#N)=C/c1ccc(-c2nc3cnc4[nH]ccc4c3n2C2CCCCC2)o1,1000.0,active
CHEMBL5279856,CCCC[C@H](NC(=O)COCCOCCOCCNC(=O)c1cccc(S(=O)(=O)Nc2cc3c(cc2Oc2cccc(OCCC)c2)n(C)c(=O)n3C)c1)C(=O)N1C[C@H](O)C[C@H]1C(=O)NCc1ccc(-c2scnc2C)cc1,35.0,active
CHEMBL5433521,CN1CCN(c2cc3c(cc2Nc2nnc(-c4ccc(C(F)(F)F)cc4)s2)nc(-c2ccc(F)cc2)n3C2CC2)CC1,16000.0,inactive
CHEMBL5394105,C=CN(c1cccc2ccccc12)S(=O)(=O)c1ccc(OC)cc1,6840.0,active
CHEMBL5437261,Cn1cc(Nc2nccc(-c3cnn(CCC#N)c3)n2)cn1,6448.0,active
CHEMBL5438892,Cc1cnc(Nc2cnn(C)c2)nc1-c1cnn(CCC#N)c1,228.0,active
CHEMBL5423566,Cc1cc(Nc2ncc(Cl)c(-c3cnn(CCC#N)c3)n2)sn1,257.0,active
CHEMBL5394153,Cc1cc(Nc2cc(-c3cnn(CCC#N)c3)c(Cl)cn2)sn1,10000.0,inactive
CHEMBL5440510,Cc1cnc(Nc2ccccc2)nc1-c1cnn(CCC#N)c1,620.0,active
CHEMBL5431291,Cc1cnc(NC2CCOCC2)nc1-c1cnn(CCC#N)c1,10000.0,inactive
CHEMBL5435131,Cc1cnc(NCCN2CCOCC2)nc1-c1cnn(CCC#N)c1,10000.0,inactive
CHEMBL5402073,Cc1cnc(Nc2ccc(N3CCOCC3)cc2)nc1-c1cnn(CCC#N)c1,260.0,active
CHEMBL5435482,Cc1cnc(Nc2ccc(N3CCN(C)CC3)cc2)nc1-c1cnn(CCC#N)c1,66.0,active
CHEMBL5395308,Cc1cnc(Nc2cnn(C)c2)nc1-c1cnn([C@H](CC#N)C2CCCC2)c1,17.0,active
CHEMBL5434965,Cc1cc(Nc2ncc(C)c(N3CCC(CC#N)CC3)n2)sn1,65.0,active
CHEMBL5402554,Cc1cc(Nc2ncc(C)c(N3CCN(CC#N)CC3)n2)sn1,115.0,active
CHEMBL5429675,Cc1cc(Nc2ncc(C)c(N3CCN(CC#N)C(C)C3)n2)sn1,152.0,active
CHEMBL5415481,Cc1cc(Nc2ncc(C)c(N3CCN(CC#N)[C@@H](C)C3)n2)sn1,73.0,active
CHEMBL5402797,Cc1cc(Nc2ncc(C)c(N3CC4CCC(C3)N4CC#N)n2)sn1,121.0,active
CHEMBL5405344,Cc1cc(Nc2ncc(C)c(N3CC4CCC(C3)N4CCC#N)n2)sn1,38.0,active
CHEMBL5410239,Cc1cc(Nc2ncc(C)c(N3CC4CCCC(C3)N4CC#N)n2)sn1,771.0,active
CHEMBL5404765,Cc1cc(Nc2ncc(C)c(N3CC4CCCC(C3)N4CCC#N)n2)sn1,13.0,active
CHEMBL5414095,Cc1cnc(Nc2cnn(C)c2)nc1N1CC2CCCC(C1)N2CC#N,1155.0,active
CHEMBL5412619,Cc1cnc(Nc2cnn(C)c2)nc1N1CC2CCCC(C1)N2CCC#N,69.0,active
CHEMBL5432284,Cc1cc(Nc2ncc(C)c(N3CC(CCC#N)C3)n2)sn1,481.0,active
CHEMBL5417435,Cc1cc(Nc2ncc(C)c(N3CC(CC#N)C3)n2)sn1,259.0,active
CHEMBL5403288,Cc1cc(Nc2ncc(C)c(N3CC(C4CC4)C3)n2)sn1,251.0,active
CHEMBL5434489,Cc1cc(Nc2ncc(C)c(N3CC(O)(C4CC4)C3)n2)sn1,83.0,active
CHEMBL5436997,Cc1cc(Nc2ncc(C)c(N3CC(CC#N)(OC4CC5(CC5)C4)C3)n2)sn1,341.0,active
CHEMBL5430060,Cc1cc(Nc2ncc(C)c(N3CC(CC#N)(N4CCCC4)C3)n2)sn1,192.0,active
CHEMBL5432029,Cc1cc(Nc2ncc(C)c(N3CC(CC#N)(N4CCCCC4)C3)n2)sn1,123.0,active
CHEMBL5396135,Cc1cc(Nc2ncc(C)c(N3CC(CC#N)(N4CCN(C)CC4)C3)n2)sn1,162.0,active
CHEMBL5428955,Cc1cnc(Nc2cnn(C)c2)nc1N1CC(CC#N)(N2CCN(C)CC2)C1,1287.0,active
CHEMBL5423027,Cc1cc(Nc2ncc(C)c(-c3cnn(CCC#N)c3)n2)sn1,103.0,active
CHEMBL3765505,C=C(CCCCC)[C@@H](O)[C@H](C)C(=O)N1C(=O)OC[C@@H]1C(C)C,5900.0,active
CHEMBL603469,C[C@]12O[C@H](C[C@]1(O)CO)n1c3ccccc3c3c4c(c5c6ccccc6n2c5c31)CNC4=O,10.0,active
CHEMBL4289149,N#Cc1cc(Nc2cc(NC3CC3)c3ncc(C(N)=O)n3n2)cc(C(F)(F)F)c1,8200.0,active
CHEMBL4435170,[2H]C([2H])([2H])NC(=O)c1nnc(NC(=O)C2CC2)cc1Nc1cccc(-c2ncn(C)n2)c1OC,89.0,active
CHEMBL4561663,NC(=O)c1ccccc1Nc1cc(Nc2ccc(F)cn2)ncc1C(N)=O,180.0,active
CHEMBL4526283,CNC(=O)c1cnc(Nc2ccc(F)cn2)cc1Nc1ccccc1S(C)(=O)=O,230.0,active
CHEMBL4444178,[2H]C([2H])([2H])NC(=O)c1nnc(NC(=O)C2CC2)cc1Nc1ccccc1S(C)(=O)=O,15.0,active
CHEMBL4469750,CNC(=O)c1cnc(Nc2ccc(C#N)cn2)cc1Nc1cccc(-c2ncn(C)n2)c1OC,13.0,active
CHEMBL1928403,CC(=O)c1nc(C(=O)NCCc2c[nH]c3ccccc23)cc2c1[nH]c1ccccc12,12860.0,inactive
CHEMBL5428595,CC(=O)c1nc(C(=O)NCc2ccc(N)cc2)cc2c1[nH]c1ccccc12,31860.0,inactive
CHEMBL5417981,CC(=O)c1nc(C(=O)NCc2ccc(O)cc2)cc2c1[nH]c1ccccc12,38380.0,inactive
CHEMBL5425401,CC(=O)c1nc(C(=O)OCCc2c[nH]c3ccccc23)cc2c1[nH]c1ccccc12,27880.0,inactive
CHEMBL5414865,O=C(NCCc1c[nH]c2ccccc12)c1cc2c([nH]c3ccccc32)c(C(=O)c2ccc(O)cc2)n1,2590.0,active
CHEMBL5399922,O=C(NCCc1c[nH]c2ccccc12)c1cc2c([nH]c3ccccc32)c(C(=O)c2ccc(Br)cc2)n1,2130.0,active
CHEMBL5395628,O=C(NCCc1c[nH]c2ccccc12)c1cc2c([nH]c3ccccc32)c(-c2ccc(Br)cc2)n1,3630.0,active
CHEMBL5433451,CNc1cc(Nc2ccccc2OC)nc2c(C(=O)N[C@@H]3CCN(C)C3=O)cnn12,9.0,active
CHEMBL5405538,CNc1cc(Nc2cccc3c2OCCC3)nc2c(C(=O)N[C@@H]3CCN(C)C3=O)cnn12,7.0,active
CHEMBL5424441,CNc1cc(Nc2cccn(-c3ccccn3)c2=O)nc2c(C(=O)N[C@@H]3CCN(C)C3=O)cnn12,65.0,active
CHEMBL5428659,CCOc1cccc(Nc2cc(NC)n3ncc(C(=O)N[C@@H]4CCN(C)C4=O)c3n2)n1,29.0,active
CHEMBL5419627,CNC(=O)c1nnc(NC(=O)N2CCC2)cc1Nc1cccc(-c2ncn(C)n2)c1OC,28.0,active
CHEMBL5439447,[2H]C([2H])([2H])NC(=O)c1nnc(Nc2ccc(N3CC(O)C3)cn2)cc1Nc1cccc(-c2ncn(C)n2)c1OC,5.9,active
CHEMBL5437070,[2H]C([2H])([2H])NC(=O)c1nnc(NC(=O)C2CC2)cc1Nc1cccc(-c2ncc(-c3cccnc3C(F)(F)F)cn2)c1OC,2.4,active
CHEMBL5523532,Cc1noc2c1C(=O)c1oc(C(=O)NCCCn3ccnc3)c(C)c1C2=O,757.5,active
CHEMBL5556229,Cc1noc2c1C(=O)c1oc(C(=O)NCCCN3CCOCC3)c(C)c1C2=O,87.55,active
CHEMBL5557489,Cc1noc2c1C(=O)c1oc(C(=O)NCCCN3CCCC3)c(C)c1C2=O,582.55,active
CHEMBL5557055,Cc1noc2c1C(=O)c1oc(C(=O)NCCC(=O)N3CCOCC3)c(C)c1C2=O,397.5,active
CHEMBL5523410,Cc1noc2c1C(=O)c1oc(C(=O)NCCCN3CCN(C(=O)OC(C)(C)C)CC3)c(C)c1C2=O,344.15,active
CHEMBL5555607,Cc1noc2c1C(=O)c1oc(C(=O)Nc3ccc(N4CCN(C)CC4)cc3)c(C)c1C2=O,133.5,active
CHEMBL5517686,Cc1noc2c1C(=O)c1oc(C(=O)NC(C)c3ccccc3)c(C)c1C2=O,419.58,active
CHEMBL5532068,Cc1noc2c1C(=O)c1oc(C(=O)Nc3ccc(Oc4ccccc4)cc3)c(C)c1C2=O,2000.0,active
CHEMBL5558581,Cc1noc2c1C(=O)c1oc(C(=O)Nc3cccc(N4CCN(C)CC4)c3)c(C)c1C2=O,123.7,active
CHEMBL5517890,Cc1noc2c1C(=O)c1oc(C(=O)Nc3ccc(N4CCOCC4)cc3)c(C)c1C2=O,272.1,active
CHEMBL5542168,Cc1noc2c1C(=O)c1oc(C(=O)NCCN3CCOCC3)c(C)c1C2=O,551.6,active
CHEMBL5558091,Cc1noc2c1C(=O)c1oc(C(=O)NCc3ccccc3)c(C)c1C2=O,1169.0,active
CHEMBL5532523,Cc1noc2c1C(=O)c1oc(C(=O)NCc3ccc(F)cc3)c(C)c1C2=O,1565.0,active
CHEMBL5549983,Cc1noc2c1C(=O)c1oc(C(=O)NC(c3ccccc3)c3ccccc3)c(C)c1C2=O,2000.0,active
CHEMBL5505943,Cc1noc2c1C(=O)c1oc(C(=O)Nc3ccccc3)c(C)c1C2=O,1804.0,active
CHEMBL5557936,Cc1noc2c1C(=O)c1oc(C(=O)Nc3ccc(CN4CCN(C)CC4)c(C(F)(F)F)c3)c(C)c1C2=O,353.0,active
CHEMBL5517930,Cc1noc2c1C(=O)c1oc(C(=O)NCCN3CCCC3)c(C)c1C2=O,312.7,active
CHEMBL5532147,Cc1noc2c1C(=O)c1oc(C(=O)NCCCCO)c(C)c1C2=O,342.2,active
CHEMBL5556837,Cc1noc2c1C(=O)c1oc(C(=O)NCCO)c(C)c1C2=O,2000.0,active
CHEMBL5559445,Cc1noc2c1C(=O)c1oc(C(=O)NCCc3ccc(F)cc3)c(C)c1C2=O,2000.0,active
CHEMBL5559125,Cc1noc2c1C(=O)c1oc(C(=O)N3CCSCC3)c(C)c1C2=O,1536.3,active
CHEMBL5523648,Cc1noc2c1C(=O)c1sc(C(=O)NCCCn3ccnc3)cc1C2=O,1829.0,active
CHEMBL5556508,Cc1noc2c1C(=O)c1sc(C(=O)NCCCN3CCOCC3)cc1C2=O,227.54,active
CHEMBL5518134,Cc1noc2c1C(=O)c1sc(C(=O)NCCO)cc1C2=O,2000.0,active
CHEMBL5558267,Cc1noc2c1C(=O)c1sc(C(=O)NCCCN3CCCC3)cc1C2=O,22.57,active
CHEMBL5549939,Cc1noc2c1C(=O)c1sc(C(=O)Nc3ccc(N4CCN(C)CC4)cc3)cc1C2=O,2000.0,active
CHEMBL5505912,Cc1noc2c1C(=O)c1sc(C(=O)Nc3ccc(N4CCOCC4)cc3)cc1C2=O,2000.0,active
CHEMBL5523533,Cc1noc2c1C(=O)c1sc(C(=O)Nc3cccc(N4CCN(C)CC4)c3)cc1C2=O,1907.0,active
CHEMBL5555751,Cc1noc2c1C(=O)c1sc(C(=O)Nc3ccc(Oc4ccccc4)cc3)cc1C2=O,2000.0,active
CHEMBL5549906,Cc1noc2c1C(=O)c1sc(C(=O)NCCCN3CCCCC3)cc1C2=O,38.02,active
CHEMBL5505783,Cc1noc2c1C(=O)c1sc(C(=O)Nc3ccccc3)cc1C2=O,2000.0,active
CHEMBL5557042,Cc1noc2c1C(=O)c1sc(C(=O)NCCc3ccc(F)cc3)cc1C2=O,2000.0,active
CHEMBL5527938,Cc1noc2c1C(=O)c1sc(C(=O)NCc3ccccc3)cc1C2=O,636.4,active
CHEMBL5556080,Cc1noc2c1C(=O)c1sc(C(=O)NC(C)c3ccccc3)cc1C2=O,357.2,active
CHEMBL5556227,Cc1noc2c1C(=O)c1sc(C(=O)NCc3ccc(F)cc3)cc1C2=O,667.6,active
CHEMBL5559005,Cc1noc2c1C(=O)c1sc(C(=O)NC(C)c3ccc(F)cc3)cc1C2=O,381.2,active
CHEMBL5557891,Cc1noc2c1C(=O)c1sc(C(=O)NCc3cccc(F)c3)cc1C2=O,2000.0,active
CHEMBL5523521,Cc1noc2c1C(=O)c1sc(C(=O)NC(c3ccccc3)c3ccccc3)cc1C2=O,739.7,active
CHEMBL5559139,Cc1noc2c1C(=O)c1sc(C(=O)NCCCc3ccccc3)cc1C2=O,998.4,active
CHEMBL5557203,Cc1noc2c1C(=O)c1sc(C(=O)Nc3ccc(CN4CCN(C)CC4)c(C(F)(F)F)c3)cc1C2=O,134.5,active
CHEMBL5556724,COc1cc(N2CCC(N3CCN(C)CC3)CC2)ccc1NC(=O)c1cc2c(s1)C(=O)c1c(C)noc1C2=O,382.8,active
CHEMBL5505797,COc1cc(N2CCC(N(C)C)CC2)ccc1NC(=O)c1cc2c(s1)C(=O)c1c(C)noc1C2=O,367.7,active
CHEMBL5542333,Cc1noc2c1C(=O)c1sc(C(=O)NCCc3cccc(F)c3)cc1C2=O,2000.0,active
CHEMBL5550025,Cc1noc2c1C(=O)c1sc(C(=O)NCCN3CCOCC3)cc1C2=O,87.44,active
CHEMBL5556874,Cc1noc2c1C(=O)c1sc(C(=O)NCCCN3CCN(C)CC3)cc1C2=O,43.72,active
CHEMBL5557304,Cc1noc2c1C(=O)c1sc(C(=O)NCCN3CCCCC3)cc1C2=O,49.83,active
CHEMBL5559349,Cc1noc2c1C(=O)c1sc(C(=O)NCCCCO)cc1C2=O,766.8,active
CHEMBL5550059,Cc1noc2c1C(=O)c1sc(C(=O)NC3CCN(Cc4ccccc4)CC3)cc1C2=O,721.7,active
CHEMBL5555159,Cc1noc2c1C(=O)c1sc(C(=O)NCCN3CCCC3)cc1C2=O,29.43,active
CHEMBL5558786,Cc1noc2c1C(=O)c1sc(C(=O)NC3CCN(C)CC3)cc1C2=O,75.45,active
CHEMBL5512592,COc1ccc(CCNC(=O)c2cc3c(s2)C(=O)c2c(C)noc2C3=O)cc1,2000.0,active
CHEMBL5558862,Cc1noc2c1C(=O)c1sc(C(=O)NCCc3ccc(C(F)(F)F)cc3)cc1C2=O,2000.0,active
CHEMBL5532205,Cc1noc2c1C(=O)c1sc(C(=O)NC3CC3)cc1C2=O,398.9,active
CHEMBL5542763,COCCNC(=O)c1cc2c(s1)C(=O)c1c(C)noc1C2=O,2000.0,active
CHEMBL5532514,Cc1noc2c1C(=O)c1sc(C(=O)NCC3CC3)cc1C2=O,433.6,active
CHEMBL5517633,Cc1noc2c1C(=O)c1sc(C(=O)N3CCSCC3)cc1C2=O,283.18,active
CHEMBL5527851,Cc1noc2c1C(=O)c1sc(C(=O)N3CCOC(c4cccc(C(F)(F)F)c4)C3)cc1C2=O,2000.0,active
CHEMBL5558600,Cc1noc2c1C(=O)c1sc(C(=O)N3CCN(CCO)CC3)cc1C2=O,50.39,active
CHEMBL5517750,Cc1noc2c1C(=O)c1sc(C(=O)N3CCN(C)CC3)cc1C2=O,70.74,active
CHEMBL5512469,CCOC(=O)CN1CCN(C(=O)c2cc3c(s2)C(=O)c2c(C)noc2C3=O)CC1,109.95,active
CHEMBL399894,COC(=O)[C@@]12OC[C@]34[C@H]([C@@H](O)[C@@H]1O)[C@@]1(C)CC(=O)C(O)=C(C)[C@@H]1C[C@H]3OC(=O)[C@H](OC(=O)/C=C(\C)C(C)(C)OC(C)=O)[C@@H]24,0.0024,active
CHEMBL4746031,O=C(O)c1ccc(N(Cc2ccc(C3CCCCC3)cc2)C(=O)[C@H]2CCN2S(=O)(=O)c2c(F)c(F)c(F)c(F)c2F)cc1O,1200.0,active
CHEMBL4778873,O=C(O)c1ccc(N(Cc2ccc(C3CCCCC3)cn2)C(=O)[C@H]2CCN2S(=O)(=O)c2c(F)c(F)c(F)c(F)c2F)cc1O,1000.0,active
CHEMBL5592262,O=C([C@H]1CCN1S(=O)(=O)c1c(F)c(F)c(F)c(F)c1F)N(Cc1ccc(C2CCCCC2)cn1)c1ccc2c(=O)[nH]ncc2c1,1500.0,active
CHEMBL5594904,CC(C)C[C@H](NC(=O)[C@H](Cc1ccc(OP(=O)(O)O)cc1)NC(=O)CN)C(=O)N1CCC[C@H]1C(=O)N[C@@H](CCC(N)=O)C(=O)N[C@H](C(=O)N[C@H](C(=O)O)C(C)C)[C@@H](C)O,290.0,active
CHEMBL4795233,O=C(O)c1ccc(N(Cc2cnc(C3CCCCC3)cn2)C(=O)[C@H]2CCN2S(=O)(=O)c2c(F)c(F)c(F)c(F)c2F)cc1O,53400.0,inactive
CHEMBL5595745,O=C(O)c1ccc(N(Cc2cnc(C3CCCCC3)cn2)C(=O)[C@H]2CCN2S(=O)(=O)c2c(F)c(F)c(Cl)c(F)c2F)cc1O,189900.0,inactive
CHEMBL5592621,CN(CC(=O)N(Cc1ccc(C2CCCCC2)cc1)c1ccc(C(=O)O)c(O)c1)S(=O)(=O)c1c(F)c(F)c(Cl)c(F)c1F,48400.0,inactive
CHEMBL5590435,Cc1ccc(S(=O)(=O)N2CC[C@@H]2C(=O)N(Cc2ccc(C3CCCCC3)cn2)c2ccc(C(=O)O)c(O)c2)cc1,86400.0,inactive
CHEMBL5619286,CC(C)C[C@@H](CO)N1CCc2c(oc3c2C(=O)C(=O)c2ccccc2-3)C1,1965.0,active
CHEMBL1232461,CCNC(=O)C[C@@H]1N=C(c2ccc(Cl)cc2)c2cc(OC)ccc2-n2c(C)nnc21,10000.0,inactive
CHEMBL1078178,N#CCNC(=O)c1ccc(-c2ccnc(Nc3ccc(N4CCOCC4)cc3)n2)cc1,2500.0,active
CHEMBL5837346,Cc1ccc(S(=O)(=O)N(C)CC(=O)N(CC2CCCCC2)c2ccc(C(=O)O)c(O)c2)cc1,300000.0,inactive
CHEMBL6055252,Cc1ccc(S(=O)(=O)N(C)CC(=O)N(CC2CCNCC2)c2ccc(C(=O)O)c(O)c2)cc1,300000.0,inactive
CHEMBL5861187,Cc1ccc(S(=O)(=O)N(C)CC(=O)N(CC2CCN(C(=O)OC(C)(C)C)CC2)c2ccc(C(=O)O)c(O)c2)cc1,300000.0,inactive
CHEMBL5949559,Cc1ccc(S(=O)(=O)N(C)CC(=O)N(CC2CCN(c3ccc(C#N)cc3)CC2)c2ccc(C(=O)O)c(O)c2)cc1,300000.0,inactive
CHEMBL5815743,Cc1ccc(S(=O)(=O)N(C)CC(=O)N(CC2CCN(c3ncccn3)CC2)c2ccc(C(=O)O)c(O)c2)cc1,300000.0,inactive
CHEMBL5926986,Cc1ccc(S(=O)(=O)N(C)CC(=O)N(Cc2ccc(C3CCN(C(=O)C(F)(F)F)CC3)cc2)c2ccc(C(=O)O)c(O)c2)cc1,300000.0,inactive
CHEMBL5989096,Cc1ccc(S(=O)(=O)N(C)CC(=O)N(Cc2ccc(C3CCNCC3)cc2)c2ccc(C(=O)O)c(O)c2)cc1,300000.0,inactive
CHEMBL5866289,Cc1ccc(S(=O)(=O)N(C)CC(=O)N(Cc2ccc(C3CCN(C(=O)OC(C)(C)C)CC3)cc2)c2ccc(C(=O)O)c(O)c2)cc1,300000.0,inactive
CHEMBL6038004,Cc1ccc(S(=O)(=O)N(C)CC(=O)N(Cc2ccc(C3CCN(c4ncccn4)CC3)cc2)c2ccc(C(=O)O)c(O)c2)cc1,300000.0,inactive
CHEMBL5849839,Cc1ccc(S(=O)(=O)N(C)CC(=O)N(Cc2ccc(C3CCN(C(=O)c4ccc(C#N)cc4)CC3)cc2)c2ccc(C(=O)O)c(O)c2)cc1,300000.0,inactive
CHEMBL2023987,Cc1ccc(S(=O)(=O)N(C)CC(=O)N(Cc2ccc(C3CCN(S(=O)(=O)c4ccc(C#N)cc4)CC3)cc2)c2ccc(C(=O)O)c(O)c2)cc1,50000.0,inactive
CHEMBL5825376,Cc1ccc(S(=O)(=O)N(C)CC(=O)N(Cc2ccc(C3CCN(c4ccc(C(=O)O)cc4)CC3)cc2)c2ccc(C(=O)O)c(O)c2)cc1,300000.0,inactive
CHEMBL2023988,Cc1ccc(S(=O)(=O)N(C)CC(=O)N(Cc2ccc(C3CCN(c4ccc(C(N)=O)cc4)CC3)cc2)c2ccc(C(=O)O)c(O)c2)cc1,300000.0,inactive
CHEMBL6041662,COC(=O)c1cccc(-c2ccc(CN(C(=O)CN(C)S(=O)(=O)c3ccc(C)cc3)c3ccc(C(=O)O)c(O)c3)cc2)c1,191000.0,inactive
CHEMBL5968343,Cc1ccc(S(=O)(=O)N(C)CC(=O)N(Cc2ccc(-c3cccc(C#N)c3)cc2)c2ccc(C(=O)O)c(O)c2)cc1,250000.0,inactive
CHEMBL5930343,Cc1ccc(S(=O)(=O)N(C)CC(=O)N(Cc2ccc(-c3cccc(C(N)=O)c3)cc2)c2ccc(C(=O)O)c(O)c2)cc1,300000.0,inactive
CHEMBL5807523,COC(=O)c1ccc(-c2ccc(CN(C(=O)CN(C)S(=O)(=O)c3ccc(C)cc3)c3ccc(C(=O)O)c(O)c3)cc2)cc1,141000.0,inactive
CHEMBL5785776,Cc1ccc(S(=O)(=O)N(C)CC(=O)N(Cc2ccc(-c3ccc(C(=O)O)cc3)cc2)c2ccc(C(=O)O)c(O)c2)cc1,300000.0,inactive
CHEMBL5748133,Cc1ccc(S(=O)(=O)N(C)CC(=O)N(Cc2ccc(-c3ccc(C#N)cc3)cc2)c2ccc(C(=O)O)c(O)c2)cc1,274000.0,inactive
CHEMBL5742996,Cc1ccc(S(=O)(=O)N(C)CC(=O)N(Cc2ccc(-c3ccc(C(N)=O)cc3)cc2)c2ccc(C(=O)O)c(O)c2)cc1,300000.0,inactive
CHEMBL2023985,COC(=O)c1cccc(-c2ccc(-c3ccc(CN(C(=O)CN(C)S(=O)(=O)c4ccc(C)cc4)c4ccc(C(=O)O)c(O)c4)cc3)cc2)c1,63000.0,inactive
CHEMBL6027247,Cc1ccc(S(=O)(=O)N(C)CC(=O)N(Cc2ccc(-c3ccc(-c4cccc(C(=O)O)c4)cc3)cc2)c2ccc(C(=O)O)c(O)c2)cc1,300000.0,inactive
CHEMBL3218926,Cc1ccc(S(=O)(=O)N(C)CC(=O)N(Cc2ccc(-c3ccc(-c4cccc(C#N)c4)cc3)cc2)c2ccc(C(=O)O)c(O)c2)cc1,82000.0,inactive
CHEMBL3218925,Cc1ccc(S(=O)(=O)N(C)CC(=O)N(Cc2ccc(-c3ccc(-c4cccc(C(N)=O)c4)cc3)cc2)c2ccc(C(=O)O)c(O)c2)cc1,90000.0,inactive
CHEMBL5790761,COC(=O)c1ccc(-c2ccc(-c3ccc(CN(C(=O)CN(C)S(=O)(=O)c4ccc(C)cc4)c4ccc(C(=O)O)c(O)c4)cc3)cc2)cc1,91000.0,inactive
CHEMBL5959561,Cc1ccc(S(=O)(=O)N(C)CC(=O)N(Cc2ccc(-c3ccc(-c4ccc(C(=O)O)cc4)cc3)cc2)c2ccc(C(=O)O)c(O)c2)cc1,300000.0,inactive
CHEMBL5845912,Cc1ccc(S(=O)(=O)N(C)CC(=O)N(Cc2ccc(-c3ccc(-c4ccc(C#N)cc4)cc3)cc2)c2ccc(C(=O)O)c(O)c2)cc1,74300.0,inactive
CHEMBL2023986,Cc1ccc(S(=O)(=O)N(C)CC(=O)N(Cc2ccc(-c3ccc(-c4ccc(C(N)=O)cc4)cc3)cc2)c2ccc(C(=O)O)c(O)c2)cc1,43000.0,inactive
CHEMBL1829869,Cc1cccc(S(=O)(=O)N(C)CC(=O)N(Cc2ccc(C3CCCCC3)cc2)c2ccc(C(=O)O)c(O)c2)c1,119000.0,inactive
CHEMBL1829862,Cc1cc(C)c(S(=O)(=O)N(C)CC(=O)N(Cc2ccc(C3CCCCC3)cc2)c2ccc(C(=O)O)c(O)c2)c(C)c1,51900.0,inactive
CHEMBL1829870,CN(CC(=O)N(Cc1ccc(C2CCCCC2)cc1)c1ccc(C(=O)O)c(O)c1)S(=O)(=O)c1ccc(-c2ccccc2)cc1,100000.0,inactive
CHEMBL1829863,CN(CC(=O)N(Cc1ccc(C2CCCCC2)cc1)c1ccc(C(=O)O)c(O)c1)S(=O)(=O)c1ccc2ccccc2c1,79200.0,inactive
CHEMBL1829871,CN(CC(=O)N(Cc1ccc(C2CCCCC2)cc1)c1ccc(C(=O)O)c(O)c1)S(=O)(=O)c1cccc2ccccc12,28800.0,inactive
CHEMBL1829864,CN(CC(=O)N(Cc1ccc(C2CCCCC2)cc1)c1ccc(C(=O)O)c(O)c1)S(=O)(=O)c1cccc2cccnc12,24600.0,inactive
CHEMBL1829872,CN(C)c1cccc2c(S(=O)(=O)N(C)CC(=O)N(Cc3ccc(C4CCCCC4)cc3)c3ccc(C(=O)O)c(O)c3)cccc12,28800.0,inactive
CHEMBL1829865,CN(CC(=O)N(Cc1ccc(C2CCCCC2)cc1)c1ccc(C(=O)O)c(O)c1)S(=O)(=O)c1cn(C)cn1,300000.0,inactive
CHEMBL1829873,CN(CC(=O)N(Cc1ccc(C2CCCCC2)cc1)c1ccc(C(=O)O)c(O)c1)S(=O)(=O)c1ccc(C#N)cc1,126200.0,inactive
CHEMBL1829866,CN(CC(=O)N(Cc1ccc(C2CCCCC2)cc1)c1ccc(C(=O)O)c(O)c1)S(=O)(=O)c1ccc(Br)cc1,90300.0,inactive
CHEMBL1829874,CN(CC(=O)N(Cc1ccc(C2CCCCC2)cc1)c1ccc(C(=O)O)c(O)c1)S(=O)(=O)c1ccc(Cl)cc1,100000.0,inactive
CHEMBL1829867,CN(CC(=O)N(Cc1ccc(C2CCCCC2)cc1)c1ccc(C(=O)O)c(O)c1)S(=O)(=O)c1ccc(F)cc1,300000.0,inactive
CHEMBL1829875,COc1ccc(S(=O)(=O)N(C)CC(=O)N(Cc2ccc(C3CCCCC3)cc2)c2ccc(C(=O)O)c(O)c2)cc1,100000.0,inactive
CHEMBL1829868,CN(CC(=O)N(Cc1ccc(C2CCCCC2)cc1)c1ccc(C(=O)O)c(O)c1)S(=O)(=O)c1ccc([N+](=O)[O-])cc1,62200.0,inactive
CHEMBL5790694,COc1ccc(C2=Nn3c(nnc3-c3[nH]nc4c3CCCC4)SC2)cc1,17010.0,inactive
CHEMBL5919667,Clc1ccc(C2=Nn3c(nnc3-c3[nH]nc4c3CCCC4)SC2)cc1,21340.0,inactive
CHEMBL6006290,c1ccc2c(C3=Nn4c(nnc4-c4[nH]nc5c4CCC5)SC3)c[nH]c2c1,38000.0,inactive
CHEMBL5909356,CC1Sc2nnc(-c3[nH]nc4c3CCC4)n2N=C1c1ccc(Cl)cc1,7210.0,active
CHEMBL5896042,COc1ccc(C2=Nn3c(nnc3-c3[nH]nc4c3CCC4)SC2CC(C)C)cc1,5140.0,active
CHEMBL6003077,COc1ccc(C2=Nn3c(nnc3C(C)C)SC2C)cc1,14330.0,inactive
CHEMBL5966404,COc1ccc(C2=Nn3c(nnc3-c3ccccc3)SC2C)cc1,27560.0,inactive
CHEMBL6049164,COc1ccc(C2=Nn3c(nnc3-c3cc(-c4ccc(Cl)cc4)n[nH]3)S[C@@H]2C)cc1,5720.0,active
CHEMBL5983565,COc1ccc(C2=Nn3c(nnc3-c3cc(-c4ccc(Cl)cc4)n[nH]3)S[C@H]2C)cc1,17300.0,inactive
CHEMBL5913694,CCC(C)C1Sc2nnc(-c3[nH]nc4c3CCC4)n2N=C1c1ccc(OC)cc1,4100.0,active
CHEMBL5868446,CCC(C)C1Sc2nnc(-c3cc(-c4ccccc4)n[nH]3)n2N=C1c1ccc(OC)cc1,5100.0,active
CHEMBL5891652,CCCCC1Sc2nnc(-c3[nH]nc4c3CCC4)n2N=C1c1ccc(Cl)c(Cl)c1,7500.0,active
CHEMBL5964487,Cc1ccc(-c2cc(-c3nnc4n3N=C(c3ccccc3)C(C)S4)[nH]n2)cc1,3800.0,active
CHEMBL6025173,CC1Sc2nnc(-c3[nH]nc4c3CCC4)n2N=C1c1ccccc1,18200.0,inactive
CHEMBL5885814,CC1Sc2nnc(-c3cc(-c4ccc(Cl)cc4)n[nH]3)n2N=C1c1ccccc1,5700.0,active
CHEMBL5744330,CC1Sc2nnc(-c3[nH]nc4c3CCCC4)n2N=C1c1ccccc1,22400.0,inactive
CHEMBL5776924,COc1ccc(C2=Nn3c(nnc3-c3cc(-c4ccc(C)cc4)n[nH]3)SC2C)cc1,4200.0,active
CHEMBL5841399,CC1(C)Sc2nnc(-c3[nH]nc4c3CCC4)n2N=C1c1ccccc1,45600.0,inactive
CHEMBL5865724,CC1(C)Sc2nnc(-c3cc(-c4ccc(Cl)cc4)n[nH]3)n2N=C1c1ccccc1,38200.0,inactive
CHEMBL5829359,CC1Sc2nnc(-c3[nH]nc4c3CCC4)n2N=C1c1ccc(F)cc1,27700.0,inactive
CHEMBL5915168,c1ccc(C2=Nn3c(nnc3-c3[nH]nc4c3CCC4)SC2c2ccccc2)cc1,26500.0,inactive
CHEMBL5943850,Clc1ccc(C2=Nn3c(nnc3-c3cc(-c4ccccc4)n[nH]3)SC2Cc2ccccc2)cc1Cl,22600.0,inactive
CHEMBL6055899,COc1ccc(C2=Nn3c(nnc3-c3cc(-c4ccccc4)n[nH]3)SC2C(C)C)cc1,21600.0,inactive
CHEMBL5790096,COc1ccc(C2=Nn3c(nnc3-c3[nH]nc4c3CCC4)SC2Cc2ccccc2)cc1,19500.0,inactive
CHEMBL5839361,COc1ccc(C2=Nn3c(nnc3-c3cc(-c4ccccc4)n[nH]3)SC2Cc2ccccc2)cc1,5800.0,active
CHEMBL5999300,COCCC1Sc2nnc(-c3cc(-c4ccc(Cl)cc4)n[nH]3)n2N=C1c1ccc(OC)cc1,33200.0,inactive
CHEMBL6002465,COCCC1Sc2nnc(-c3cc(-c4ccc(F)cc4)n[nH]3)n2N=C1c1ccc(OC)cc1,8500.0,active
CHEMBL5755836,CCN(CC)CCC1Sc2nnc(-c3cc(-c4ccccc4)n[nH]3)n2N=C1c1ccc(OC)cc1,8800.0,active
CHEMBL5794564,COc1ccc(C2=Nn3c(nnc3-c3[nH]nc4c3CCC4)SC2CCN)cc1,31200.0,inactive
CHEMBL5783717,CCC1Sc2nnc(-c3[nH]nc4c3CCC4)n2N=C1c1ccc(OC)cc1,24000.0,inactive
CHEMBL5751361,COc1ccc(C2=Nn3c(nnc3-c3[nH]nc4c3CCC4)SC2CCO)cc1,49200.0,inactive
CHEMBL6052921,O=C(CC1Sc2nnc(-c3cc(-c4ccccc4)n[nH]3)n2N=C1c1ccccc1)N1CCCC1,37300.0,inactive
CHEMBL5878593,O=C(CC1Sc2nnc(-c3cc(-c4ccc(Cl)cc4)n[nH]3)n2N=C1c1ccccc1)N1CCCC1,11100.0,inactive
CHEMBL5852399,COc1ccc(C2=Nn3c(nnc3-c3nn(C(C)=O)c4c3CCC4)SC2C)cc1,37100.0,inactive
CHEMBL5803285,COc1ccc(C2=Nn3c(nnc3-c3nn(C(=O)OC(C)(C)C)c4c3CCC4)SC2C)cc1,34700.0,inactive
CHEMBL5765212,COC(=O)CC1Sc2nnc(-c3cc(-c4ccccc4)n[nH]3)n2N=C1c1ccccc1,17900.0,inactive
CHEMBL6057535,COc1ccc(C2=Nn3c(nnc3-c3cc(-c4ccccc4)n[nH]3)SC2CC(=O)N(C)C)cc1,9900.0,active
CHEMBL5855263,COc1ccc(C2=Nn3c(nnc3-c3cc(-c4ccccc4)n[nH]3)SC2CC(=O)N2CCCC2)cc1,9100.0,active
CHEMBL5912135,COC(=O)CC1Sc2nnc(-c3cc(-c4ccccc4)n[nH]3)n2N=C1c1ccc(OC)cc1,11600.0,inactive
CHEMBL5843558,COc1cccc2c1CCC1Sc3nnc(-c4[nH]nc5c4CCC5)n3N=C21,32000.0,inactive
CHEMBL5797000,COc1ccc(C2=Nn3c(nnc3-c3[nH]nc4c3CNC4)SC2C)cc1,33900.0,inactive
CHEMBL5939075,COC(=O)Cn1nc(-c2nnc3n2N=C(c2ccc(OC)cc2)C(C)S3)c2c1CCC2,25300.0,inactive
CHEMBL5926279,COc1ccc(C2=Nn3c(nnc3-c3nn(CC(=O)OC(C)(C)C)c4c3CCC4)SC2C)cc1,34100.0,inactive
CHEMBL5855549,COc1ccc(C2=Nn3c(nnc3-c3nn(Cc4ccccc4)c4c3CCC4)SC2C)cc1,7600.0,active
CHEMBL5764591,CCOC(=O)CC1Sc2nnc(-c3cc(-c4ccccc4)n[nH]3)n2N=C1c1ccc(OC)cc1,15500.0,inactive
CHEMBL5812535,CC(=O)n1nc(-c2nnc3n2N=C(c2ccc(Cl)c(Cl)c2)C(C)S3)c2c1CCC2,22700.0,inactive
CHEMBL5985916,CC1Sc2nnc(-c3nn(C)c4c3CCC4)n2N=C1c1ccc(Cl)c(Cl)c1,7800.0,active
CHEMBL6046842,CC1Sc2nnc(-c3[nH]nc4c3CCC4)n2N=C1c1ccc(C(F)(F)F)cc1,24400.0,inactive
CHEMBL5775475,COc1cccc(C2=Nn3c(nnc3-c3[nH]nc4c3CCC4)SC2C)c1,40100.0,inactive
CHEMBL5844215,Cc1ccc(C2=Nn3c(nnc3-c3[nH]nc4c3CCC4)SC2C)cc1,41100.0,inactive
CHEMBL5837549,Cc1ccc(C2=Nn3c(nnc3-c3cc(-c4ccccc4)n[nH]3)SC2C)cc1,14100.0,inactive
CHEMBL5843257,CC1Sc2nnc(-c3cc(-c4ccccc4)n[nH]3)n2N=C1c1ccc(OC(F)(F)F)cc1,24200.0,inactive
CHEMBL5983330,COc1cccc(C2=Nn3c(nnc3-c3cc(-c4ccccc4)n[nH]3)SC2C)c1,7100.0,active
CHEMBL6052441,CC1Sc2nnc(-c3[nH]nc4c3CCC4)n2N=C1c1ccc(Br)cc1,18600.0,inactive
CHEMBL5862971,CC1Sc2nnc(-c3cc(Cc4ccc(OC(F)(F)F)cc4)n[nH]3)n2N=C1c1ccc(Cl)c(Cl)c1,31000.0,inactive
CHEMBL5978338,COc1ccc(C2=Nn3c(nnc3-c3cc(-c4ccccc4)n[nH]3)SC2C)cc1,35900.0,inactive
CHEMBL5833534,COc1ccc(C2=Nn3c(nnc3-c3cc(-c4ccccc4)n(C(C)=O)n3)SC2C)cc1,7900.0,active
CHEMBL5911176,COc1ccc(C2=Nn3c(nnc3-c3cc(-c4ccccc4)nn3C(C)=O)SC2C)cc1,6300.0,active
CHEMBL5774094,CC1Sc2nnc(-c3cc(-c4ccccc4)n(Cc4ccccc4)n3)n2N=C1c1ccc(Cl)c(Cl)c1,5900.0,active
CHEMBL6063129,COc1ccc(C2=Nn3c(nnc3-c3[nH]nc4c3CN(Cc3ccccc3)CC4)SC2C)cc1,26200.0,inactive
CHEMBL5897042,COc1ccc(C2=Nn3c(nnc3-c3[nH]nc4c3CCC4)SC2C)cc1OC,25100.0,inactive
CHEMBL5822845,COc1ccc(C2=Nn3c(nnc3-c3cc(-c4ccccc4)n[nH]3)SC2C)cc1OC,7600.0,active
CHEMBL5854736,CC1Sc2nnc(-c3[nH]nc4c3CCC4)n2N=C1c1ccc(F)c(F)c1,47100.0,inactive
CHEMBL5981068,COc1ccc(C2=Nn3c(nnc3-c3[nH]nc4c3CN(Cc3ccccc3)C4)SC2C)cc1,27000.0,inactive
CHEMBL5870942,CCN(CC)c1ccc(C2=Nn3c(nnc3-c3[nH]nc4c3CCC4)SC2C)cc1,6600.0,active
CHEMBL5888876,CC1Sc2nnc(-c3cc(-c4ccccc4)n[nH]3)n2N=C1c1ccc(N2CCOCC2)cc1,39300.0,inactive
CHEMBL5888599,CC1Sc2nnc(-c3cc(-c4ccccc4)n[nH]3)n2N=C1c1ccc(F)c(F)c1,8600.0,active
CHEMBL6054965,COc1ccc(C2=Nn3c(-c4cc(-c5ccccc5)n[nH]4)nnc3[S+]([O-])C2C)cc1,26200.0,inactive
CHEMBL5854621,COc1cccc(C2=Nn3c(nnc3-c3cc(-c4ccc(Cl)cc4)n[nH]3)SC2C)c1,7000.0,active
CHEMBL5820062,COc1cccc(C2=Nn3c(nnc3-c3cc(-c4cccc(Cl)c4)n[nH]3)SC2C)c1,9100.0,active
CHEMBL5921499,CC1Sc2nnc(-c3cc(-c4ccc(Cl)cc4)n[nH]3)n2N=C1c1ccc(Cl)c(Cl)c1,16000.0,inactive
CHEMBL5885249,CC1Sc2nnc(-c3cc(-c4cccc(Cl)c4)n[nH]3)n2N=C1c1ccc(Cl)c(Cl)c1,32200.0,inactive
CHEMBL6030318,COc1ccc(C2=Nn3c(nnc3-c3cc(-c4cccc(Cl)c4)n[nH]3)SC2C)cc1,8700.0,active
CHEMBL5820413,COc1ccc(C2=Nn3c(nnc3-c3cc(-c4ccccc4)nn3C)SC2C)cc1,4700.0,active
CHEMBL5844489,COc1ccc(C2=Nn3c(nnc3-c3cc(-c4ccccc4)n(C)n3)SC2C)cc1,6500.0,active
CHEMBL5780190,CC1Sc2nnc(-c3cc(-c4ccccc4)n(C)n3)n2N=C1c1ccc(Cl)c(Cl)c1,4800.0,active
CHEMBL5884074,COc1ccc(C2=Nn3c(nnc3-c3n[nH]c(-c4ccc(Cl)cc4)c3C)SC2C)cc1,7300.0,active
CHEMBL5857254,COc1ccc(C2=Nn3c(nnc3-c3cc(-c4ccccc4)n(C)n3)SC2C(C)C)cc1,8300.0,active
CHEMBL5933735,CCN(CC)c1ccc(C2=Nn3c(nnc3-c3cc(-c4ccccc4)n(C)n3)SC2C)cc1,3700.0,active
CHEMBL5965772,CC(C)C1Sc2nnc(-c3cc(-c4ccccc4)n(C)n3)n2N=C1c1ccc(Cl)c(Cl)c1,27300.0,inactive
CHEMBL5932136,CCN(CC)c1ccc(C2=Nn3c(nnc3-c3cc(-c4ccccc4)nn3C)SC2C)cc1,5700.0,active
CHEMBL5896920,CC(C)C1Sc2nnc(-c3cc(-c4ccccc4)n(C)n3)n2N=C1c1ccccc1,12200.0,inactive
CHEMBL5839814,CC1C(c2ccc(Cl)c(Cl)c2)=Nn2c(-c3cc(-c4ccc(Cl)cc4)n[nH]3)nnc2[S+]1[O-],1000.0,active
CHEMBL6038383,CC1C(c2ccc(Cl)c(Cl)c2)=Nn2c(-c3cc(-c4cccc(Cl)c4)n[nH]3)nnc2[S+]1[O-],2000.0,active
CHEMBL6033579,CC1Sc2nnc(-c3[nH]nc4c3CCC4)n2N=C1c1cc(Cl)cc(Cl)c1,8200.0,active
CHEMBL6018794,Clc1ccc(C2=Nn3c(nnc3-c3[nH]nc4c3CCC4)SC2c2ccccc2)cc1Cl,7500.0,active
CHEMBL5957668,COc1ccc(C2=Nn3c(nnc3-c3cc(-c4ccccc4)n[nH]3)SC2N(C)C)cc1,20000.0,inactive
CHEMBL5835709,COc1ccc(C2=Nn3c(nnc3-c3cc(-c4ccccc4)n[nH]3)SC2OCC(C)C)cc1,50000.0,inactive
CHEMBL4291679,C[C@H](C(=O)N(Cc1ccc(C2CCCCC2)cc1)c1ccc(C(=O)O)c(O)c1)N(C)S(=O)(=O)c1c(F)c(F)c(F)c(F)c1F,3000.0,active
CHEMBL4754054,O=C(O)c1ccc(N(Cc2ccc(C3CCCC3)cc2)C(=O)[C@H]2CCN2S(=O)(=O)c2c(F)c(F)c(F)c(F)c2F)cc1O,711.0,active
CHEMBL4754495,O=C(O)c1ccc(N(Cc2ccc(C3CCOC3)cc2)C(=O)[C@H]2CCN2S(=O)(=O)c2c(F)c(F)c(F)c(F)c2F)cc1O,1500.0,active
CHEMBL4281881,C[C@H](C(=O)N(Cc1ccc(C2CCCCC2)cc1)c1ccc(C(=O)O)cc1)N(C)S(=O)(=O)c1c(F)c(F)c(F)c(F)c1F,9300.0,active
CHEMBL4794269,O=C(O)c1ccc(N(Cc2ccc(C3CCCCC3)cc2)C(=O)[C@H]2CCN2S(=O)(=O)c2c(F)c(F)c(F)c(F)c2F)cc1,3040.0,active
CHEMBL4285363,C[C@H](C(=O)N(Cc1ccc(C2CCCCC2)cc1)c1ccc(C(=O)NO)cc1)N(C)S(=O)(=O)c1c(F)c(F)c(F)c(F)c1F,5300.0,active
CHEMBL4289747,C[C@@H](C(=O)N(Cc1ccc(C2CCCCC2)cc1)c1ccc(C(=O)O)c(O)c1)N(C)S(=O)(=O)c1c(F)c(F)c(F)c(F)c1F,5000.0,active
CHEMBL4293184,C[C@@H](C(=O)N(Cc1ccc(C2CCCCC2)cc1)c1ccc(C(=O)O)cc1)N(C)S(=O)(=O)c1c(F)c(F)c(F)c(F)c1F,10000.0,inactive
CHEMBL5824445,C[C@@H](C(=O)N(Cc1ccc(C2CCCCC2)cc1)c1ccc(C(=O)NO)cc1)N(C)S(=O)(=O)c1c(F)c(F)c(F)c(F)c1F,6800.0,active
CHEMBL4783679,O=C(O)c1ccc(N(Cc2ccc(C3CCOCC3)cc2)C(=O)[C@H]2CCN2S(=O)(=O)c2c(F)c(F)c(F)c(F)c2F)cc1,3940.0,active
CHEMBL4286982,CC[C@@H](C(=O)N(Cc1ccc(C2CCCCC2)cc1)c1ccc(C(=O)O)c(O)c1)N(C)S(=O)(=O)c1c(F)c(F)c(F)c(F)c1F,10000.0,inactive
CHEMBL4293345,CC[C@H](C(=O)N(Cc1ccc(C2CCCCC2)cc1)c1ccc(C(=O)O)c(O)c1)N(C)S(=O)(=O)c1c(F)c(F)c(F)c(F)c1F,6900.0,active
CHEMBL5789833,CN(C1(C(=O)N(Cc2ccc(C3CCCCC3)cc2)c2ccc(C(=O)O)c(O)c2)CC1)S(=O)(=O)c1c(F)c(F)c(F)c(F)c1F,12800.0,inactive
CHEMBL5776448,CN(C1(C(=O)N(Cc2ccc(C3CCCCC3)cc2)c2ccc(C(C)(C)O)c(O)c2)CC1)S(=O)(=O)c1c(F)c(F)c(F)c(F)c1F,22400.0,inactive
CHEMBL4746747,O=C(O)c1coc(N(Cc2ccc(C3CCCCC3)cc2)C(=O)[C@H]2CCN2S(=O)(=O)c2c(F)c(F)c(F)c(F)c2F)n1,5000.0,active
CHEMBL5967943,CN(C(C)(C)C(=O)N(Cc1ccc(C2CCCCC2)cc1)c1ccc(C(=O)O)c(O)c1)S(=O)(=O)c1c(F)c(F)c(F)c(F)c1F,8500.0,active
CHEMBL4758974,O=C(O)c1ccc(N(Cc2ccc(C3CCOCC3)nc2)C(=O)[C@H]2CCN2S(=O)(=O)c2c(F)c(F)c(F)c(F)c2F)cc1O,900.0,active
CHEMBL4291170,CN([C@@H](CO)C(=O)N(Cc1ccc(C2CCCCC2)cc1)c1ccc(C(=O)O)c(O)c1)S(=O)(=O)c1c(F)c(F)c(F)c(F)c1F,12900.0,inactive
CHEMBL4763364,COC(=O)c1ccc(N(Cc2ccc(C3CCCCC3)nc2)C(=O)[C@H]2CCN2S(=O)(=O)c2c(F)c(F)c(F)c(F)c2F)cc1O,1052.0,active
CHEMBL4280856,CN([C@H](CO)C(=O)N(Cc1ccc(C2CCCCC2)cc1)c1ccc(C(=O)O)c(O)c1)S(=O)(=O)c1c(F)c(F)c(F)c(F)c1F,7400.0,active
CHEMBL4758309,COC(=O)c1ccc(N(Cc2ccc(C3CCCCC3)cc2)C(=O)[C@H]2CCN2S(=O)(=O)c2c(F)c(F)c(F)c(F)c2F)c(F)c1,4000.0,active
CHEMBL4277905,CN([C@H](CO)C(=O)N(Cc1ccc(C2CCCCC2)cc1)c1ccc(C(=O)NO)cc1)S(=O)(=O)c1c(F)c(F)c(F)c(F)c1F,23100.0,inactive
CHEMBL4290417,CN([C@H](CO)C(=O)N(Cc1ccc(C2CCCCC2)cc1)c1ccc(C(=O)O)cc1)S(=O)(=O)c1c(F)c(F)c(F)c(F)c1F,30000.0,inactive
CHEMBL6039556,C[C@H](C(=O)N(Cc1ccc(C2CCCCC2)cc1)c1cc2[nH]ncc2cc1F)N(C)S(=O)(=O)c1c(F)c(F)c(F)c(F)c1F,10000.0,inactive
CHEMBL4292500,CN([C@@H](CCO)C(=O)N(Cc1ccc(C2CCCCC2)cc1)c1ccc(C(=O)O)c(O)c1)S(=O)(=O)c1c(F)c(F)c(F)c(F)c1F,20000.0,inactive
CHEMBL4281876,CN([C@H](CCO)C(=O)N(Cc1ccc(C2CCCCC2)cc1)c1ccc(C(=O)O)c(O)c1)S(=O)(=O)c1c(F)c(F)c(F)c(F)c1F,14200.0,inactive
CHEMBL4284192,C[C@@H](O)[C@@H](C(=O)N(Cc1ccc(C2CCCCC2)cc1)c1ccc(C(=O)O)c(O)c1)N(C)S(=O)(=O)c1c(F)c(F)c(F)c(F)c1F,17600.0,inactive
CHEMBL4292068,C[C@H](O)[C@H](C(=O)N(Cc1ccc(C2CCCCC2)cc1)c1ccc(C(=O)O)c(O)c1)N(C)S(=O)(=O)c1c(F)c(F)c(F)c(F)c1F,19600.0,inactive
CHEMBL4280754,CN([C@@H](CN)C(=O)N(Cc1ccc(C2CCCCC2)cc1)c1ccc(C(=O)O)c(O)c1)S(=O)(=O)c1c(F)c(F)c(F)c(F)c1F,11600.0,inactive
CHEMBL4288653,CN([C@H](CN)C(=O)N(Cc1ccc(C2CCCCC2)cc1)c1ccc(C(=O)O)c(O)c1)S(=O)(=O)c1c(F)c(F)c(F)c(F)c1F,27400.0,inactive
CHEMBL4282292,CN([C@@H](CC(=O)O)C(=O)N(Cc1ccc(C2CCCCC2)cc1)c1ccc(C(=O)O)c(O)c1)S(=O)(=O)c1c(F)c(F)c(F)c(F)c1F,30000.0,inactive
CHEMBL4290157,CN([C@H](CC(=O)O)C(=O)N(Cc1ccc(C2CCCCC2)cc1)c1ccc(C(=O)O)c(O)c1)S(=O)(=O)c1c(F)c(F)c(F)c(F)c1F,30000.0,inactive
CHEMBL4278202,O=C(O)c1ccc(N(Cc2ccc(C3CCCCC3)cc2)C(=O)[C@H]2CCCN2S(=O)(=O)c2c(F)c(F)c(F)c(F)c2F)cc1O,2400.0,active
CHEMBL4292298,O=C(O)c1ccc(N(Cc2ccc(C3CCCCC3)cc2)C(=O)[C@@H]2CCCN2S(=O)(=O)c2c(F)c(F)c(F)c(F)c2F)cc1O,7200.0,active
CHEMBL4285519,O=C(O)c1ccc(N(Cc2ccc(C3CCOCC3)cc2)C(=O)[C@H]2CCCN2S(=O)(=O)c2c(F)c(F)c(F)c(F)c2F)cc1O,5400.0,active
CHEMBL4748816,COC(=O)c1ccc(N(Cc2ccc(C3CCCCC3)cc2)C(=O)[C@H]2CCN2S(=O)(=O)c2c(F)c(F)c(F)c(F)c2F)cc1O,4000.0,active
CHEMBL4792177,COC(=O)c1ccc(N(Cc2ccc(C3CCCCC3)cn2)C(=O)[C@H]2CCN2S(=O)(=O)c2c(F)c(F)c(F)c(F)c2F)cc1O,998.0,active
CHEMBL4278658,O=C(O)c1ccc(N(Cc2ccc(C3CCOC3)cc2)C(=O)[C@H]2CCCN2S(=O)(=O)c2c(F)c(F)c(F)c(F)c2F)cc1O,4500.0,active
CHEMBL6017377,COC(=O)c1ccc(N(Cc2ccc(C3CCCCC3)cn2)C(=O)[C@H]2CCN2S(=O)(=O)c2c(F)c(F)c(F)c(F)c2F)c(F)c1,755.0,active
CHEMBL4277151,O=C(O)c1ccc(N(Cc2ccc(C3CCCCC3)cc2)C(=O)[C@@H]2CCN(S(=O)(=O)c3c(F)c(F)c(F)c(F)c3F)C2)cc1O,6500.0,active
CHEMBL4780608,O=C(O)c1ccc(N(Cc2ccc(C3CCCCC3)cn2)C(=O)[C@H]2CCN2S(=O)(=O)c2c(F)c(F)c(F)c(F)c2F)cn1,2000.0,active
CHEMBL4281666,O=C(O)c1ccc(N(Cc2ccc(C3CCCCC3)cc2)C(=O)[C@H]2CCN(S(=O)(=O)c3c(F)c(F)c(F)c(F)c3F)C2)cc1O,6900.0,active
CHEMBL5852242,O=C(O)c1ccc(N(Cc2ccc(C3CCCCC3)cc2)C(=O)[C@H]2CCCCN2S(=O)(=O)c2c(F)c(F)c(F)c(F)c2F)cc1O,5400.0,active
CHEMBL4753422,O=C(O)c1ccc(N(Cc2ncc(C3CCCCC3)cn2)C(=O)[C@H]2CCN2S(=O)(=O)c2c(F)c(F)c(F)c(F)c2F)cc1O,456.0,active
CHEMBL5812399,O=C(O)c1ccc(N(Cc2ccc(C3CCCCC3)cc2)C(=O)[C@@H]2CCCCN2S(=O)(=O)c2c(F)c(F)c(F)c(F)c2F)cc1O,7000.0,active
CHEMBL4799226,O=C(O)c1ccc(N(Cc2ccc(C3CCCCC3)nn2)C(=O)[C@H]2CCN2S(=O)(=O)c2c(F)c(F)c(F)c(F)c2F)cc1O,702.0,active
CHEMBL5984864,O=C(O)c1ccc(N(Cc2ccc(C3CCCCC3)cc2)C(=O)[C@@H]2CCN2S(=O)(=O)c2c(F)c(F)c(F)c(F)c2F)cc1O,2220.0,active
CHEMBL5825125,C[C@H](C(=O)N(Cc1ccc(C2CCCCC2)cc1)c1ccc(C(=O)OCc2ccccc2)cc1F)N(C)S(=O)(=O)c1c(F)c(F)c(F)c(F)c1F,2200.0,active
CHEMBL4784885,O=C(O)c1ccc(N(Cc2ccc(C3CCCCC3)cn2)C(=O)[C@H]2CCN2S(=O)(=O)c2c(F)c(F)c(F)c(F)c2F)cc1F,856.0,active
CHEMBL4276954,C[C@H](C(=O)N(Cc1ccc(C2CCCCC2)cc1)c1ccc(C(=O)NO)cc1F)N(C)S(=O)(=O)c1c(F)c(F)c(F)c(F)c1F,3400.0,active
CHEMBL4288892,O=C(O)c1ccc(N(Cc2ccc(C3CCCCC3)cc2)C(=O)[C@H]2CCCN2S(=O)(=O)c2c(F)c(F)c(F)c(F)c2F)c(F)c1,5300.0,active
CHEMBL4287027,C[C@H](C(=O)N(Cc1ccc(C2CCCCC2)cc1)c1ccc(C(=O)O)cc1Cl)N(C)S(=O)(=O)c1c(F)c(F)c(F)c(F)c1F,4100.0,active
CHEMBL4279098,C[C@H](C(=O)N(Cc1ccc(C2CCCCC2)cc1)c1ccc(C(=O)NO)cc1Cl)N(C)S(=O)(=O)c1c(F)c(F)c(F)c(F)c1F,3500.0,active
CHEMBL5996389,CC(=O)c1ccc(N(Cc2cnc(C3CCCCC3)cn2)C(=O)[C@H]2CCN2S(=O)(=O)c2c(F)c(F)c(F)c(F)c2F)cc1O,2000.0,active
CHEMBL5937261,Cc1cc(C(=O)O)ccc1N(Cc1ccc(C2CCCCC2)cc1)C(=O)[C@@H](C)N(C)S(=O)(=O)c1c(F)c(F)c(F)c(F)c1F,5700.0,active
CHEMBL4788858,O=C(O)c1ccc(N(Cc2cnc(C3CCCC3)cn2)C(=O)[C@H]2CCN2S(=O)(=O)c2c(F)c(F)c(F)c(F)c2F)cc1O,775.0,active
CHEMBL4280225,Cc1cc(N(Cc2ccc(C3CCCCC3)cc2)C(=O)[C@@H](C)N(C)S(=O)(=O)c2c(F)c(F)c(F)c(F)c2F)ccc1C(=O)O,6600.0,active
CHEMBL4284901,C[C@H](C(=O)N(Cc1ccc(C2CCCCC2)cc1)c1ccc(C(=O)O)c(F)c1)N(C)S(=O)(=O)c1c(F)c(F)c(F)c(F)c1F,4600.0,active
CHEMBL4744497,O=C(O)c1ccc(N(Cc2ccc(C3CCCCC3)cn2)C(=O)[C@H]2CCN2S(=O)(=O)c2c(F)c(F)c(F)c(F)c2F)cc1,1089.0,active
CHEMBL4289360,C[C@H](C(=O)N(Cc1ccc(C2CCCCC2)cc1)c1ccc(C(=O)O)c(Cl)c1)N(C)S(=O)(=O)c1c(F)c(F)c(F)c(F)c1F,3600.0,active
CHEMBL4787762,O=C(O)c1ccc(N(Cc2ccc(C3CCCC3)cn2)C(=O)[C@H]2CCN2S(=O)(=O)c2c(F)c(F)c(F)c(F)c2F)c(F)c1,1177.0,active
CHEMBL4286576,O=C(O)c1ccc(N(Cc2ccc(C3CCCCC3)cc2)C(=O)[C@H]2CCCN2S(=O)(=O)c2c(F)c(F)c(F)c(F)c2F)cc1Cl,3800.0,active
CHEMBL4793049,O=C(O)c1ccc(N(Cc2ccc(C3CCCC3)cn2)C(=O)[C@H]2CCN2S(=O)(=O)c2c(F)c(F)c(F)c(F)c2F)cc1O,628.0,active
CHEMBL5794165,Cc1cc(C(=O)OCc2ccccc2)cc(C)c1N(Cc1ccc(C2CCCCC2)cc1)C(=O)[C@@H](C)N(C)S(=O)(=O)c1c(F)c(F)c(F)c(F)c1F,4200.0,active
CHEMBL4292097,C[C@H](C(=O)N(Cc1ccc(C2CCCCC2)cc1)c1c(F)cc(C(=O)O)cc1F)N(C)S(=O)(=O)c1c(F)c(F)c(F)c(F)c1F,4100.0,active
CHEMBL4760561,O=C(O)c1ccc(N(Cc2ccc(C3CCCCC3)cc2)C(=O)[C@H]2CCN2S(=O)(=O)c2c(F)c(F)c(F)c(F)c2F)c(F)c1,1080.0,active
CHEMBL4751592,COC(=O)c1ccc(N(Cc2cnc(C3CCCCC3)cn2)C(=O)[C@H]2CCN2S(=O)(=O)c2c(F)c(F)c(F)c(F)c2F)c(F)c1,2000.0,active
CHEMBL4746717,O=C([C@H]1CCN1S(=O)(=O)c1c(F)c(F)c(F)c(F)c1F)N(Cc1ccc(C2CCCCC2)cc1)c1ccc(-c2nnn[nH]2)cc1,1360.0,active
CHEMBL4761392,CC(C)(C)c1ccc(CN(C(=O)[C@H]2CCN2S(=O)(=O)c2c(F)c(F)c(F)c(F)c2F)c2ccc(C(=O)O)c(O)c2)cc1,2172.0,active
CHEMBL4786885,O=C(O)c1ccc(N(Cc2ccc(C3CCCCC3)nc2)C(=O)[C@H]2CCN2S(=O)(=O)c2c(F)c(F)c(F)c(F)c2F)cc1O,656.0,active
CHEMBL4758218,CC(C)(C)c1ccc(CN(C(=O)[C@H]2CCN2S(=O)(=O)c2c(F)c(F)c(F)c(F)c2F)c2ccc(C(=O)O)cc2F)cc1,3546.0,active
CHEMBL6043165,O=C(O)c1ccc(N(Cc2ccc(C3CCCCC3)cc2)C(=O)C2CN(S(=O)(=O)c3c(F)c(F)c(F)c(F)c3F)C2)cc1O,2000.0,active
CHEMBL5968876,O=C(NO)c1ccc(N(Cc2ccc(C3CCCCC3)cc2)C(=O)C2CN(S(=O)(=O)c3c(F)c(F)c(F)c(F)c3F)C2)cc1O,2000.0,active
CHEMBL4777016,O=C1OCc2cc(N(Cc3ccc(C4CCCCC4)cn3)C(=O)[C@H]3CCN3S(=O)(=O)c3c(F)c(F)c(F)c(F)c3F)ccc21,1791.0,active
CHEMBL4293789,O=C(NO)c1ccc(N(Cc2ccc(C3CCCCC3)cc2)C(=O)[C@H]2CCCN2S(=O)(=O)c2c(F)c(F)c(F)c(F)c2F)cc1O,5400.0,active
CHEMBL4285801,C[C@H](C(=O)N(Cc1ccc(C2CCOCC2)cc1)c1ccc(C(=O)O)c(O)c1)N(C)S(=O)(=O)c1c(F)c(F)c(F)c(F)c1F,5000.0,active
CHEMBL5900435,C[C@H](C(=O)N(Cc1ccc(C2CCC(F)(F)CC2)cc1)c1ccc(C(=O)O)c(O)c1)N(C)S(=O)(=O)c1c(F)c(F)c(F)c(F)c1F,8300.0,active
CHEMBL5930114,O=C(O)c1ccc(N(Cc2ccc(C3CCOCC3)cc2)C(=O)[C@H]2CCCN2S(=O)(=O)c2c(F)c(F)c(F)c(F)c2F)c(F)c1,7400.0,active
CHEMBL5790039,O=C(O)c1ccc(N(Cc2cnc(C3CCCCC3)cn2)C(=O)[C@H]2CCN2S(=O)(=O)c2c(F)c(F)cc(F)c2F)cc1O,10000.0,inactive
CHEMBL4742343,O=C(O)c1cc(F)c(N(Cc2ccc(C3CCCCC3)cc2)C(=O)[C@H]2CCN2S(=O)(=O)c2c(F)c(F)c(F)c(F)c2F)cc1O,659.0,active
CHEMBL5749828,O=C1OCc2c1ccc(N(Cc1ccc(C3CCCCC3)cn1)C(=O)[C@H]1CCN1S(=O)(=O)c1c(F)c(F)c(F)c(F)c1F)c2F,4000.0,active
CHEMBL4796668,CC(C)c1ccc(CN(C(=O)[C@H]2CCN2S(=O)(=O)c2c(F)c(F)c(F)c(F)c2F)c2cc(O)c(C(=O)O)cc2F)cc1,1282.0,active
CHEMBL6047940,O=C(O)c1ccc(N(Cc2cnc(C3CCCCC3)cn2)C(=O)[C@H]2CCN2S(=O)(=O)c2cc(F)c(F)cc2F)cc1O,30000.0,inactive
CHEMBL4761087,O=C(O)c1cc(F)c(N(Cc2ccc(C3CCOCC3)cc2)C(=O)[C@H]2CCN2S(=O)(=O)c2c(F)c(F)c(F)c(F)c2F)cc1O,809.0,active
CHEMBL4279167,C[C@H](C(=O)N(Cc1ccc(C2CCCCC2)cc1)c1ccc2c(c1)CNC2=O)N(C)S(=O)(=O)c1c(F)c(F)c(F)c(F)c1F,10800.0,inactive
CHEMBL6064873,Cc1c(F)c(F)c(S(=O)(=O)N2CC[C@@H]2C(=O)N(Cc2cnc(C3CCCCC3)cn2)c2ccc(C(=O)O)c(O)c2)c(F)c1F,30000.0,inactive
CHEMBL5875259,C[C@H](C(=O)N(Cc1ccc(C2CCCCC2)cc1)c1ccc2[nH]ncc2c1)N(C)S(=O)(=O)c1c(F)c(F)c(F)c(F)c1F,30000.0,inactive
CHEMBL6009761,O=C(O)c1ccc(N(Cc2cnc(C3CCCCC3)cn2)C(=O)[C@H]2CCN2S(=O)(=O)c2cc(C(F)(F)F)cc(C(F)(F)F)c2)cc1O,30000.0,inactive
CHEMBL4292416,C[C@H](C(=O)N(Cc1ccc(C2CCCCC2)cc1)c1ccc2cn[nH]c2c1)N(C)S(=O)(=O)c1c(F)c(F)c(F)c(F)c1F,18200.0,inactive
CHEMBL6009505,N#Cc1cc(S(=O)(=O)N2CC[C@@H]2C(=O)N(Cc2ccc(C3CCCCC3)cc2)c2ccc(C(=O)O)c(O)c2)ccc1F,21900.0,inactive
CHEMBL6041400,O=C(O)c1ccc(N(Cc2cnc(C3CCCCC3)cn2)C(=O)[C@H]2CCN2S(=O)(=O)c2cc(F)c(F)c(F)c2)cc1O,30000.0,inactive
CHEMBL5856472,N#Cc1ccc(S(=O)(=O)N2CC[C@@H]2C(=O)N(Cc2ccc(C3CCCCC3)cc2)c2ccc(C(=O)O)c(O)c2)cc1,30000.0,inactive
CHEMBL5748964,N#Cc1cccc(S(=O)(=O)N2CC[C@@H]2C(=O)N(Cc2ccc(C3CCCCC3)cc2)c2ccc(C(=O)O)c(O)c2)c1,30000.0,inactive
CHEMBL5843715,N#Cc1ccccc1S(=O)(=O)N1CC[C@@H]1C(=O)N(Cc1ccc(C2CCCCC2)cc1)c1ccc(C(=O)O)c(O)c1,30000.0,inactive
CHEMBL5983771,O=C(O)c1ccc(N(Cc2cnc(C3CCCCC3)cn2)C(=O)[C@H]2CCN2S(=O)(=O)c2c(F)cc(F)cc2F)cc1O,30000.0,inactive
CHEMBL5876245,O=C(O)c1ccc(N(Cc2ccc(C3CCCCC3)cc2)C(=O)[C@H]2CCCN2S(=O)(=O)c2c(F)cc(F)cc2F)cc1O,10000.0,inactive
CHEMBL5898707,O=C(OCc1ccccc1)c1ccc(N(Cc2ccc(C3CCCCC3)cc2)C(=O)[C@H]2CCCN2S(=O)(=O)c2cc(F)cc(F)c2F)cc1OCc1ccccc1,10000.0,inactive
CHEMBL5859417,O=C(O)c1ccc(N(Cc2cnc(C3CCCCC3)cn2)C(=O)[C@H]2CCN2S(=O)(=O)c2c(F)c(F)c(F)c(Cl)c2F)cc1O,422.0,active
CHEMBL4279735,O=C(O)c1ccc(N(Cc2ccc(C3CCCCC3)cc2)C(=O)[C@H]2CCCN2C(=O)c2c(F)c(F)c(F)c(F)c2F)cc1O,10000.0,inactive
CHEMBL4286971,O=C(O)c1ccc(N(Cc2ccc(C3CCCCC3)cc2)C(=O)[C@H]2CCCN2Cc2c(F)c(F)c(F)c(F)c2F)cc1O,10000.0,inactive
CHEMBL5793181,Cc1c(F)c(F)c(F)c(S(=O)(=O)N2CC[C@@H]2C(=O)N(Cc2cnc(C3CCCCC3)cn2)c2ccc(C(=O)O)c(O)c2)c1F,16280.0,inactive
CHEMBL4793287,O=C(O)c1ccc(N(Cc2ccc(C3CCOCC3)cc2)C(=O)[C@H]2CCN2S(=O)(=O)c2c(F)c(F)c(F)c(F)c2F)cc1O,1090.0,active
CHEMBL5952585,O=C(O)c1ccc(N(Cc2cnc(C3CCCCC3)cn2)C(=O)[C@H]2CCN2S(=O)(=O)c2c(F)cc(F)c(F)c2F)cc1O,30000.0,inactive
CHEMBL5896980,O=C(O)c1ccc(N(Cc2cnc(C3CCCCC3)cn2)C(=O)[C@H]2CCN2S(=O)(=O)c2ccc(F)nc2)cc1O,30000.0,inactive
CHEMBL5784482,O=C(O)c1ccc(N(Cc2cnc(C3CCCCC3)cn2)C(=O)[C@H]2CCN2S(=O)(=O)c2cnc(F)c(F)c2)cc1O,29410.0,inactive
CHEMBL4282092,O=C(O)c1ccc(N(Cc2ccc(C3CCCC3)cc2)C(=O)[C@H]2CCCN2S(=O)(=O)c2c(F)c(F)c(F)c(F)c2F)cc1O,3600.0,active
CHEMBL6078340,C=C1C(=O)O[C@@H]2C[C@@]3(C)CC[C@@H](OC(=O)[C@H](C)NC(=O)c4ccc(/C=C/C(=O)NO)cc4)C(=C)[C@@H]3C[C@H]12,350.0,active
CHEMBL6142818,C=C1C2=C(C(=O)N1OC)[C@@H](O)[C@@](C)(O)[C@H](CCCCC)O2,20200.0,inactive
CHEMBL6133469,C=C1C2=C(C(=O)N1OC)[C@H](O)[C@@](C)(O)[C@@H](CCCCC)O2,7300.0,active
CHEMBL1864400,C=C1C2=C(C(=O)N1OC)[C@@H](O)[C@@](C)(O)[C@@H](CCCCC)O2,9200.0,active
CHEMBL6120410,C=C1C2=C(C(=O)N1OC)[C@@H](O)[C@](C)(O)[C@@H](CCCCC)O2,6600.0,active
CHEMBL6102319,CCCCC[C@@H]1OC2=C(C(=O)N(OC)C2=O)[C@H](O)[C@@]1(C)O,100000.0,inactive
CHEMBL4452527,NC(=O)CC[C@H](NC(=O)[C@@H]1CC[C@@H]2CCN(C(=O)CCCCCC#Cc3cccc4c3CN(C3CCC(=O)NC3=O)C4=O)C[C@H](NC(=O)c3cc4cc(C(F)(F)P(=O)(O)O)ccc4[nH]3)C(=O)N21)C(=O)NC(c1ccccc1)c1ccccc1,130.0,active
CHEMBL6144023,COC(=O)N1CC[C@H]2CC[C@@H](C(=O)N[C@@H](CCC(N)=O)C(=O)N[C@@H](Cc3ccc(F)c(F)c3)C(=O)N3CCC(CCC#Cc4cccc5c4CN(C4CCC(=O)NC4=O)C5=O)CC3)N2C(=O)[C@@H](NC(=O)c2cc3cc(C(F)(F)P(=O)(O)O)ccc3s2)C1,19.0,active
CHEMBL6147129,O=C1C(=O)c2c(oc3c2CCN(CCN2CCCCC2)C3=O)-c2ccccc21,400.0,active
CHEMBL6152345,Cc1cccc2c(C[C@@H]3NC(=O)[C@H]([C@@H](C)O)NC(=O)[C@H](CC(N)=O)NC(=O)[C@@H](NC(=O)C(F)(F)F)C(C)(C)SSC(C)(C)[C@@H](C(=O)N[C@@H](Cc4ccc(OCCN)cc4)C(=O)N[C@@H](Cc4ccc5ccccc5c4)C(=O)NC4(C(=O)N[C@@H](CCC(=O)N(C)C)C(=O)N[C@@H](CC(N)=O)C(=O)N[C@@H](Cc5cccnc5)C(=O)N(C)CC(N)=O)CCOCC4)NC(=O)[C@H](CCC(=O)N(C)C)NC3=O)c[nH]c12,0.008,active
CHEMBL6166433,CC(=O)NCCCC[C@@H]1NC(=O)[C@H](Cc2c[nH]c3c(C)cccc23)NC(=O)[C@H]([C@@H](C)O)NC(=O)[C@H](CC(N)=O)NC(=O)[C@@H](NC(=O)CCOCCOCC[N+](C)(C)C)C(C)(C)SSC(C)(C)[C@@H](C(=O)N[C@@H](Cc2ccc(OCCN)cc2)C(=O)N[C@@H](Cc2ccc3ccccc3c2)C(=O)NC2(C(=O)N[C@@H](CCC(=O)O)C(=O)N[C@@H](CC(N)=O)C(=O)N[C@@H](Cc3cccnc3)C(=O)N(C)CC(N)=O)CCOCC2)NC1=O,0.006,active
CHEMBL6167841,CC(=O)N(C)CCCC[C@@H]1NC(=O)[C@H](Cc2c[nH]c3c(C)cccc23)NC(=O)[C@H]([C@@H](C)O)NC(=O)[C@H](CC(=O)N(C)C)NC(=O)[C@@H](NC(=O)C(F)(F)F)C(C)(C)SSC(C)(C)[C@@H](C(=O)N[C@@H](Cc2ccc(OCCN(C)C)cc2)C(=O)N[C@@H](Cc2ccc3ccccc3c2)C(=O)NC2(C(=O)N[C@@H](CCC(=O)O)C(=O)N[C@@H](CC(N)=O)C(=O)N[C@@H](Cc3cccnc3)C(=O)N(C)CC(=O)N(C)C)CCOCC2)NC1=O,0.003,active
CHEMBL6172818,CC(=O)N[C@@H](CCCC[N+](C)(C)C)C(=O)N[C@@H]1C(=O)N[C@@H](CC(=O)N(C)C)C(=O)N[C@@H]([C@@H](C)O)C(=O)N[C@@H](Cc2c[nH]c3c(C)cccc23)C(=O)N[C@@H](CCCCN(C)C(C)=O)C(=O)N[C@H](C(=O)N[C@@H](Cc2ccc(OCCN(C)C)cc2)C(=O)N[C@@H](Cc2ccc3ccccc3c2)C(=O)NC2(C(=O)N[C@@H](CCC(=O)O)C(=O)N[C@@H](CC(N)=O)C(=O)N[C@@H](Cc3cccnc3)C(=O)N(C)CC(=O)N(C)C)CCOCC2)C(C)(C)SSC1(C)C,0.008,active
CHEMBL6160466,CC(=O)NCCCC[C@@H]1NC(=O)[C@H](Cc2c[nH]c3c(C)cccc23)NC(=O)[C@H]([C@@H](C)O)NC(=O)[C@H](CC(N)=O)NC(=O)[C@@H](NC(C)=O)C(C)(C)SSC(C)(C)[C@@H](C(=O)N[C@@H](Cc2ccc(OCCCCC[N+](C)(C)C)cc2)C(=O)N[C@@H](Cc2ccc3ccccc3c2)C(=O)NC2(C(=O)N[C@@H](CCCCNC(C)=O)C(=O)N[C@@H](CC(N)=O)C(=O)N[C@@H](Cc3cccnc3)C(=O)N(C)CC(N)=O)CCOCC2)NC1=O,0.008,active
CHEMBL1987178,CC1CC(=O)c2c(ccc3c2C(=O)c2cccc(O)c2C3=O)C1,12200.0,inactive
